symbol,security,gics_sector,gics_sub_industry,headquarters_location,date_added,cik,founded,constituents_source
MMM,3M,Industrials,Industrial Conglomerates,"Saint Paul, Minnesota",3/4/1957,0000066740,1902,https://en.wikipedia.org/w/index.php?title=List_of_S%26P_500_companies&action=raw
AOS,A. O. Smith,Industrials,Building Products,"Milwaukee, Wisconsin",7/26/2017,0000091142,1916,https://en.wikipedia.org/w/index.php?title=List_of_S%26P_500_companies&action=raw
ABT,Abbott Laboratories,Health Care,Health Care Equipment,"North Chicago, Illinois",3/4/1957,0000001800,1888,https://en.wikipedia.org/w/index.php?title=List_of_S%26P_500_companies&action=raw
ABBV,AbbVie,Health Care,Biotechnology,"North Chicago, Illinois",12/31/2012,0001551152,2013 (1888),https://en.wikipedia.org/w/index.php?title=List_of_S%26P_500_companies&action=raw
ACN,Accenture,Information Technology,IT Consulting & Other Services,"Dublin, Ireland",7/6/2011,0001467373,1989,https://en.wikipedia.org/w/index.php?title=List_of_S%26P_500_companies&action=raw
ADBE,Adobe Inc.,Information Technology,Application Software,"San Jose, California",5/5/1997,0000796343,1982,https://en.wikipedia.org/w/index.php?title=List_of_S%26P_500_companies&action=raw
AMD,Advanced Micro Devices,Information Technology,Semiconductors,"Santa Clara, California",3/20/2017,0000002488,1969,https://en.wikipedia.org/w/index.php?title=List_of_S%26P_500_companies&action=raw
AES,AES Corporation,Utilities,Independent Power Producers & Energy Traders,"Arlington, Virginia",10/2/1998,0000874761,1981,https://en.wikipedia.org/w/index.php?title=List_of_S%26P_500_companies&action=raw
AFL,Aflac,Financials,Life & Health Insurance,"Columbus, Georgia",5/28/1999,0000004977,1955,https://en.wikipedia.org/w/index.php?title=List_of_S%26P_500_companies&action=raw
A,Agilent Technologies,Health Care,Life Sciences Tools & Services,"Santa Clara, California",6/5/2000,0001090872,1999,https://en.wikipedia.org/w/index.php?title=List_of_S%26P_500_companies&action=raw
APD,Air Products,Materials,Industrial Gases,"Upper Macungie Township, Pennsylvania",4/30/1985,0000002969,1940,https://en.wikipedia.org/w/index.php?title=List_of_S%26P_500_companies&action=raw
ABNB,Airbnb,Consumer Discretionary,"Hotels, Resorts & Cruise Lines","San Francisco, California",9/18/2023,0001559720,2008,https://en.wikipedia.org/w/index.php?title=List_of_S%26P_500_companies&action=raw
AKAM,Akamai Technologies,Information Technology,Internet Services & Infrastructure,"Cambridge, Massachusetts",7/12/2007,0001086222,1998,https://en.wikipedia.org/w/index.php?title=List_of_S%26P_500_companies&action=raw
ALB,Albemarle Corporation,Materials,Specialty Chemicals,"Charlotte, North Carolina",7/1/2016,0000915913,1994,https://en.wikipedia.org/w/index.php?title=List_of_S%26P_500_companies&action=raw
ARE,Alexandria Real Estate Equities,Real Estate,Office REITs,"Pasadena, California",3/20/2017,0001035443,1994,https://en.wikipedia.org/w/index.php?title=List_of_S%26P_500_companies&action=raw
ALGN,Align Technology,Health Care,Health Care Supplies,"Tempe, Arizona",6/19/2017,0001097149,1997,https://en.wikipedia.org/w/index.php?title=List_of_S%26P_500_companies&action=raw
ALLE,Allegion,Industrials,Building Products,"Dublin, Ireland",12/2/2013,0001579241,1908,https://en.wikipedia.org/w/index.php?title=List_of_S%26P_500_companies&action=raw
LNT,Alliant Energy,Utilities,Electric Utilities,"Madison, Wisconsin",7/1/2016,0000352541,1917,https://en.wikipedia.org/w/index.php?title=List_of_S%26P_500_companies&action=raw
ALL,Allstate,Financials,Property & Casualty Insurance,"Northbrook, Illinois",7/13/1995,0000899051,1931,https://en.wikipedia.org/w/index.php?title=List_of_S%26P_500_companies&action=raw
GOOGL,Alphabet Inc. (Class A),Communication Services,Interactive Media & Services,"Mountain View, California",4/3/2006,0001652044,1998,https://en.wikipedia.org/w/index.php?title=List_of_S%26P_500_companies&action=raw
GOOG,Alphabet Inc. (Class C),Communication Services,Interactive Media & Services,"Mountain View, California",4/3/2014,0001652044,1998,https://en.wikipedia.org/w/index.php?title=List_of_S%26P_500_companies&action=raw
MO,Altria,Consumer Staples,Tobacco,"Richmond, Virginia",3/4/1957,0000764180,1985,https://en.wikipedia.org/w/index.php?title=List_of_S%26P_500_companies&action=raw
AMZN,Amazon,Consumer Discretionary,Broadline Retail,"Seattle, Washington",11/18/2005,0001018724,1994,https://en.wikipedia.org/w/index.php?title=List_of_S%26P_500_companies&action=raw
AMCR,Amcor,Materials,Paper & Plastic Packaging Products & Materials,"Warmley, Bristol, United Kingdom",6/7/2019,0001748790,2019 (1860),https://en.wikipedia.org/w/index.php?title=List_of_S%26P_500_companies&action=raw
AEE,Ameren,Utilities,Multi-Utilities,"St. Louis, Missouri",9/19/1991,0001002910,1902,https://en.wikipedia.org/w/index.php?title=List_of_S%26P_500_companies&action=raw
AEP,American Electric Power,Utilities,Electric Utilities,"Columbus, Ohio",3/4/1957,0000004904,1906,https://en.wikipedia.org/w/index.php?title=List_of_S%26P_500_companies&action=raw
AXP,American Express,Financials,Consumer Finance,"New York City, New York",6/30/1976,0000004962,1850,https://en.wikipedia.org/w/index.php?title=List_of_S%26P_500_companies&action=raw
AIG,American International Group,Financials,Multi-line Insurance,"New York City, New York",3/31/1980,0000005272,1919,https://en.wikipedia.org/w/index.php?title=List_of_S%26P_500_companies&action=raw
AMT,American Tower,Real Estate,Telecom Tower REITs,"Boston, Massachusetts",11/19/2007,0001053507,1995,https://en.wikipedia.org/w/index.php?title=List_of_S%26P_500_companies&action=raw
AWK,American Water Works,Utilities,Water Utilities,"Camden, New Jersey",3/4/2016,0001410636,1886,https://en.wikipedia.org/w/index.php?title=List_of_S%26P_500_companies&action=raw
AMP,Ameriprise Financial,Financials,Asset Management & Custody Banks,"Minneapolis, Minnesota",10/3/2005,0000820027,1894,https://en.wikipedia.org/w/index.php?title=List_of_S%26P_500_companies&action=raw
AME,Ametek,Industrials,Electrical Components & Equipment,"Berwyn, Pennsylvania",9/23/2013,0001037868,1930,https://en.wikipedia.org/w/index.php?title=List_of_S%26P_500_companies&action=raw
AMGN,Amgen,Health Care,Biotechnology,"Thousand Oaks, California",1/2/1992,0000318154,1980,https://en.wikipedia.org/w/index.php?title=List_of_S%26P_500_companies&action=raw
APH,Amphenol,Information Technology,Electronic Components,"Wallingford, Connecticut",9/30/2008,0000820313,1932,https://en.wikipedia.org/w/index.php?title=List_of_S%26P_500_companies&action=raw
ADI,Analog Devices,Information Technology,Semiconductors,"Wilmington, Massachusetts",10/12/1999,0000006281,1965,https://en.wikipedia.org/w/index.php?title=List_of_S%26P_500_companies&action=raw
AON,Aon plc,Financials,Insurance Brokers,"London, United Kingdom",4/23/1996,0000315293,1982 (1919),https://en.wikipedia.org/w/index.php?title=List_of_S%26P_500_companies&action=raw
APA,APA Corporation,Energy,Oil & Gas Exploration & Production,"Houston, Texas",7/28/1997,0001841666,1954,https://en.wikipedia.org/w/index.php?title=List_of_S%26P_500_companies&action=raw
APO,Apollo Global Management,Financials,Asset Management & Custody Banks,"New York City, New York",12/23/2024,0001858681,1990,https://en.wikipedia.org/w/index.php?title=List_of_S%26P_500_companies&action=raw
AAPL,Apple Inc.,Information Technology,"Technology Hardware, Storage & Peripherals","Cupertino, California",11/30/1982,0000320193,1977,https://en.wikipedia.org/w/index.php?title=List_of_S%26P_500_companies&action=raw
AMAT,Applied Materials,Information Technology,Semiconductor Materials & Equipment,"Santa Clara, California",3/16/1995,0000006951,1967,https://en.wikipedia.org/w/index.php?title=List_of_S%26P_500_companies&action=raw
APP,AppLovin,Information Technology,Application Software,"Palo Alto, California",9/22/2025,0001751008,2012,https://en.wikipedia.org/w/index.php?title=List_of_S%26P_500_companies&action=raw
APTV,Aptiv,Consumer Discretionary,Automotive Parts & Equipment,"Schaffhausen, Switzerland",12/24/2012,0001521332,1994,https://en.wikipedia.org/w/index.php?title=List_of_S%26P_500_companies&action=raw
ACGL,Arch Capital Group,Financials,Property & Casualty Insurance,"Hamilton, Bermuda",11/1/2022,0000947484,1995,https://en.wikipedia.org/w/index.php?title=List_of_S%26P_500_companies&action=raw
ADM,Archer Daniels Midland,Consumer Staples,Agricultural Products & Services,"Chicago, Illinois",3/4/1957,0000007084,1902,https://en.wikipedia.org/w/index.php?title=List_of_S%26P_500_companies&action=raw
ARES,Ares Management,Financials,Asset Management & Custody Banks,"Los Angeles, California",12/11/2025,0001176948,1977,https://en.wikipedia.org/w/index.php?title=List_of_S%26P_500_companies&action=raw
ANET,Arista Networks,Information Technology,Communications Equipment,"Santa Clara, California",8/28/2018,0001596532,2004,https://en.wikipedia.org/w/index.php?title=List_of_S%26P_500_companies&action=raw
AJG,Arthur J. Gallagher & Co.,Financials,Insurance Brokers,"Rolling Meadows, Illinois",5/31/2016,0000354190,1927,https://en.wikipedia.org/w/index.php?title=List_of_S%26P_500_companies&action=raw
AIZ,Assurant,Financials,Multi-line Insurance,"Atlanta, Georgia",4/10/2007,0001267238,1892,https://en.wikipedia.org/w/index.php?title=List_of_S%26P_500_companies&action=raw
T,AT&T,Communication Services,Integrated Telecommunication Services,"Dallas, Texas",11/30/1983,0000732717,1983 (1885),https://en.wikipedia.org/w/index.php?title=List_of_S%26P_500_companies&action=raw
ATO,Atmos Energy,Utilities,Gas Utilities,"Dallas, Texas",2/15/2019,0000731802,1906,https://en.wikipedia.org/w/index.php?title=List_of_S%26P_500_companies&action=raw
ADSK,Autodesk,Information Technology,Application Software,"San Francisco, California",12/1/1989,0000769397,1982,https://en.wikipedia.org/w/index.php?title=List_of_S%26P_500_companies&action=raw
ADP,Automatic Data Processing,Industrials,Human Resource & Employment Services,"Roseland, New Jersey",3/31/1981,0000008670,1949,https://en.wikipedia.org/w/index.php?title=List_of_S%26P_500_companies&action=raw
AZO,AutoZone,Consumer Discretionary,Automotive Retail,"Memphis, Tennessee",1/2/1997,0000866787,1979,https://en.wikipedia.org/w/index.php?title=List_of_S%26P_500_companies&action=raw
AVB,AvalonBay Communities,Real Estate,Multi-Family Residential REITs,"Arlington, Virginia",1/10/2007,0000915912,1978,https://en.wikipedia.org/w/index.php?title=List_of_S%26P_500_companies&action=raw
AVY,Avery Dennison,Materials,Paper & Plastic Packaging Products & Materials,"Mentor, Ohio",12/31/1987,0000008818,1935,https://en.wikipedia.org/w/index.php?title=List_of_S%26P_500_companies&action=raw
AXON,Axon Enterprise,Industrials,Aerospace & Defense,"Scottsdale, Arizona",5/4/2023,0001069183,1993,https://en.wikipedia.org/w/index.php?title=List_of_S%26P_500_companies&action=raw
BKR,Baker Hughes,Energy,Oil & Gas Equipment & Services,"Houston, Texas",7/7/2017,0001701605,2017,https://en.wikipedia.org/w/index.php?title=List_of_S%26P_500_companies&action=raw
BALL,Ball Corporation,Materials,"Metal, Glass & Plastic Containers","Broomfield, Colorado",10/31/1984,0000009389,1880,https://en.wikipedia.org/w/index.php?title=List_of_S%26P_500_companies&action=raw
BAC,Bank of America,Financials,Diversified Banks,"Charlotte, North Carolina",6/30/1976,0000070858,1998 (1923 / 1874),https://en.wikipedia.org/w/index.php?title=List_of_S%26P_500_companies&action=raw
BAX,Baxter International,Health Care,Health Care Equipment,"Deerfield, Illinois",9/30/1972,0000010456,1931,https://en.wikipedia.org/w/index.php?title=List_of_S%26P_500_companies&action=raw
BDX,Becton Dickinson,Health Care,Health Care Equipment,"Franklin Lakes, New Jersey",9/30/1972,0000010795,1897,https://en.wikipedia.org/w/index.php?title=List_of_S%26P_500_companies&action=raw
BRK.B,Berkshire Hathaway,Financials,Multi-Sector Holdings,"Omaha, Nebraska",2/16/2010,0001067983,1839,https://en.wikipedia.org/w/index.php?title=List_of_S%26P_500_companies&action=raw
BBY,Best Buy,Consumer Discretionary,Computer & Electronics Retail,"Richfield, Minnesota",6/29/1999,0000764478,1966,https://en.wikipedia.org/w/index.php?title=List_of_S%26P_500_companies&action=raw
TECH,Bio-Techne,Health Care,Life Sciences Tools & Services,"Minneapolis, Minnesota",8/30/2021,0000842023,1976,https://en.wikipedia.org/w/index.php?title=List_of_S%26P_500_companies&action=raw
BIIB,Biogen,Health Care,Biotechnology,"Cambridge, Massachusetts",11/13/2003,0000875045,1978,https://en.wikipedia.org/w/index.php?title=List_of_S%26P_500_companies&action=raw
BLK,BlackRock,Financials,Asset Management & Custody Banks,"New York City, New York",4/4/2011,0002012383,1988,https://en.wikipedia.org/w/index.php?title=List_of_S%26P_500_companies&action=raw
BX,Blackstone Inc.,Financials,Asset Management & Custody Banks,"New York City, New York",9/18/2023,0001393818,1985,https://en.wikipedia.org/w/index.php?title=List_of_S%26P_500_companies&action=raw
XYZ,"Block, Inc.",Financials,Transaction & Payment Processing Services,none,7/23/2025,0001512673,2009,https://en.wikipedia.org/w/index.php?title=List_of_S%26P_500_companies&action=raw
BK,BNY Mellon,Financials,Asset Management & Custody Banks,"New York City, New York",3/31/1995,0001390777,1784,https://en.wikipedia.org/w/index.php?title=List_of_S%26P_500_companies&action=raw
BA,Boeing,Industrials,Aerospace & Defense,"Arlington, Virginia",3/4/1957,0000012927,1916,https://en.wikipedia.org/w/index.php?title=List_of_S%26P_500_companies&action=raw
BKNG,Booking Holdings,Consumer Discretionary,"Hotels, Resorts & Cruise Lines","Norwalk, Connecticut",11/6/2009,0001075531,1996,https://en.wikipedia.org/w/index.php?title=List_of_S%26P_500_companies&action=raw
BSX,Boston Scientific,Health Care,Health Care Equipment,"Marlborough, Massachusetts",2/24/1995,0000885725,1979,https://en.wikipedia.org/w/index.php?title=List_of_S%26P_500_companies&action=raw
BMY,Bristol Myers Squibb,Health Care,Pharmaceuticals,"New York City, New York",3/4/1957,0000014272,1989 (1887),https://en.wikipedia.org/w/index.php?title=List_of_S%26P_500_companies&action=raw
AVGO,Broadcom,Information Technology,Semiconductors,"Palo Alto, California",5/8/2014,0001730168,1961,https://en.wikipedia.org/w/index.php?title=List_of_S%26P_500_companies&action=raw
BR,Broadridge Financial Solutions,Industrials,Data Processing & Outsourced Services,"Lake Success, New York",6/18/2018,0001383312,1962,https://en.wikipedia.org/w/index.php?title=List_of_S%26P_500_companies&action=raw
BRO,Brown & Brown,Financials,Insurance Brokers,"Daytona Beach, Florida",9/20/2021,0000079282,1939,https://en.wikipedia.org/w/index.php?title=List_of_S%26P_500_companies&action=raw
BF.B,Brown–Forman,Consumer Staples,Distillers & Vintners,"Louisville, Kentucky",10/31/1982,0000014693,1870,https://en.wikipedia.org/w/index.php?title=List_of_S%26P_500_companies&action=raw
BLDR,Builders FirstSource,Industrials,Building Products,"Irving, Texas",12/18/2023,0001316835,1998,https://en.wikipedia.org/w/index.php?title=List_of_S%26P_500_companies&action=raw
BG,Bunge Global,Consumer Staples,Agricultural Products & Services,"Chesterfield, Missouri",3/15/2023,0001996862,1818,https://en.wikipedia.org/w/index.php?title=List_of_S%26P_500_companies&action=raw
BXP,"BXP, Inc.",Real Estate,Office REITs,"Boston, Massachusetts",4/3/2006,0001037540,1970,https://en.wikipedia.org/w/index.php?title=List_of_S%26P_500_companies&action=raw
CHRW,C.H. Robinson,Industrials,Air Freight & Logistics,"Eden Prairie, Minnesota",3/2/2007,0001043277,1905,https://en.wikipedia.org/w/index.php?title=List_of_S%26P_500_companies&action=raw
CDNS,Cadence Design Systems,Information Technology,Application Software,"San Jose, California",9/18/2017,0000813672,1988,https://en.wikipedia.org/w/index.php?title=List_of_S%26P_500_companies&action=raw
CPT,Camden Property Trust,Real Estate,Multi-Family Residential REITs,"Houston, Texas",4/4/2022,0000906345,1981,https://en.wikipedia.org/w/index.php?title=List_of_S%26P_500_companies&action=raw
CPB,Campbell's Company (The),Consumer Staples,Packaged Foods & Meats,"Camden, New Jersey",3/4/1957,0000016732,1869,https://en.wikipedia.org/w/index.php?title=List_of_S%26P_500_companies&action=raw
COF,Capital One,Financials,Consumer Finance,"Tysons Corner, Virginia",7/1/1998,0000927628,1994,https://en.wikipedia.org/w/index.php?title=List_of_S%26P_500_companies&action=raw
CAH,Cardinal Health,Health Care,Health Care Distributors,"Dublin, Ohio",5/27/1997,0000721371,1971,https://en.wikipedia.org/w/index.php?title=List_of_S%26P_500_companies&action=raw
CCL,Carnival,Consumer Discretionary,"Hotels, Resorts & Cruise Lines","Miami, Florida",12/22/1998,0000815097,1972,https://en.wikipedia.org/w/index.php?title=List_of_S%26P_500_companies&action=raw
CARR,Carrier Global,Industrials,Building Products,"Palm Beach Gardens, Florida",4/3/2020,0001783180,"2020 (1915, United Technologies spinoff)",https://en.wikipedia.org/w/index.php?title=List_of_S%26P_500_companies&action=raw
CVNA,Carvana,Consumer Discretionary,Automotive Retail,"Tempe, Arizona",12/22/2025,0001690820,2012,https://en.wikipedia.org/w/index.php?title=List_of_S%26P_500_companies&action=raw
CASY,Casey's,Consumer Staples,Food Retail,"Ankeny, Iowa",4/9/2026,0000726958,1967,https://en.wikipedia.org/w/index.php?title=List_of_S%26P_500_companies&action=raw
CAT,Caterpillar Inc.,Industrials,Construction Machinery & Heavy Transportation Equipment,"Irving, Texas",3/4/1957,0000018230,1925,https://en.wikipedia.org/w/index.php?title=List_of_S%26P_500_companies&action=raw
CBOE,Cboe Global Markets,Financials,Financial Exchanges & Data,"Chicago, Illinois",3/1/2017,0001374310,1973,https://en.wikipedia.org/w/index.php?title=List_of_S%26P_500_companies&action=raw
CBRE,CBRE Group,Real Estate,Real Estate Services,"Dallas, Texas",11/10/2006,0001138118,1906,https://en.wikipedia.org/w/index.php?title=List_of_S%26P_500_companies&action=raw
CDW,CDW Corporation,Information Technology,Technology Distributors,"Vernon Hills, Illinois",9/23/2019,0001402057,1984,https://en.wikipedia.org/w/index.php?title=List_of_S%26P_500_companies&action=raw
COR,Cencora,Health Care,Health Care Distributors,"Conshohocken, Pennsylvania",8/30/2001,0001140859,1985,https://en.wikipedia.org/w/index.php?title=List_of_S%26P_500_companies&action=raw
CNC,Centene Corporation,Health Care,Managed Health Care,"St. Louis, Missouri",3/30/2016,0001071739,1984,https://en.wikipedia.org/w/index.php?title=List_of_S%26P_500_companies&action=raw
CNP,CenterPoint Energy,Utilities,Multi-Utilities,"Houston, Texas",7/31/1985,0001130310,1882,https://en.wikipedia.org/w/index.php?title=List_of_S%26P_500_companies&action=raw
CF,CF Industries,Materials,Fertilizers & Agricultural Chemicals,"Deerfield, Illinois",8/27/2008,0001324404,1946,https://en.wikipedia.org/w/index.php?title=List_of_S%26P_500_companies&action=raw
CRL,Charles River Laboratories,Health Care,Life Sciences Tools & Services,"Wilmington, Massachusetts",5/14/2021,0001100682,1947,https://en.wikipedia.org/w/index.php?title=List_of_S%26P_500_companies&action=raw
SCHW,Charles Schwab Corporation,Financials,Investment Banking & Brokerage,"Westlake, Texas",6/2/1997,0000316709,1971,https://en.wikipedia.org/w/index.php?title=List_of_S%26P_500_companies&action=raw
CHTR,Charter Communications,Communication Services,Cable & Satellite,"Stamford, Connecticut",9/8/2016,0001091667,1993,https://en.wikipedia.org/w/index.php?title=List_of_S%26P_500_companies&action=raw
CVX,Chevron Corporation,Energy,Integrated Oil & Gas,"Houston, Texas",3/4/1957,0000093410,1879,https://en.wikipedia.org/w/index.php?title=List_of_S%26P_500_companies&action=raw
CMG,Chipotle Mexican Grill,Consumer Discretionary,Restaurants,"Newport Beach, California",4/28/2011,0001058090,1993,https://en.wikipedia.org/w/index.php?title=List_of_S%26P_500_companies&action=raw
CB,Chubb Limited,Financials,Property & Casualty Insurance,"Zurich, Switzerland",7/15/2010,0000896159,1985,https://en.wikipedia.org/w/index.php?title=List_of_S%26P_500_companies&action=raw
CHD,Church & Dwight,Consumer Staples,Household Products,"Ewing, New Jersey",12/29/2015,0000313927,1847,https://en.wikipedia.org/w/index.php?title=List_of_S%26P_500_companies&action=raw
CIEN,Ciena,Information Technology,Communications Equipment,"Hanover, Maryland",2/9/2026,0000936395,1992,https://en.wikipedia.org/w/index.php?title=List_of_S%26P_500_companies&action=raw
CI,Cigna,Health Care,Health Care Services,"Bloomfield, Connecticut",6/30/1976,0001739940,1982,https://en.wikipedia.org/w/index.php?title=List_of_S%26P_500_companies&action=raw
CINF,Cincinnati Financial,Financials,Property & Casualty Insurance,"Fairfield, Ohio",12/18/1997,0000020286,1950,https://en.wikipedia.org/w/index.php?title=List_of_S%26P_500_companies&action=raw
CTAS,Cintas,Industrials,Diversified Support Services,"Mason, Ohio",3/1/2001,0000723254,1929,https://en.wikipedia.org/w/index.php?title=List_of_S%26P_500_companies&action=raw
CSCO,Cisco,Information Technology,Communications Equipment,"San Jose, California",12/1/1993,0000858877,1984,https://en.wikipedia.org/w/index.php?title=List_of_S%26P_500_companies&action=raw
C,Citigroup,Financials,Diversified Banks,"New York City, New York",5/31/1988,0000831001,1998,https://en.wikipedia.org/w/index.php?title=List_of_S%26P_500_companies&action=raw
CFG,Citizens Financial Group,Financials,Regional Banks,"Providence, Rhode Island",1/29/2016,0000759944,1828,https://en.wikipedia.org/w/index.php?title=List_of_S%26P_500_companies&action=raw
CLX,Clorox,Consumer Staples,Household Products,"Oakland, California",3/31/1969,0000021076,1913,https://en.wikipedia.org/w/index.php?title=List_of_S%26P_500_companies&action=raw
CME,CME Group,Financials,Financial Exchanges & Data,"Chicago, Illinois",8/11/2006,0001156375,1848,https://en.wikipedia.org/w/index.php?title=List_of_S%26P_500_companies&action=raw
CMS,CMS Energy,Utilities,Multi-Utilities,"Jackson, Michigan",3/4/1957,0000811156,1886,https://en.wikipedia.org/w/index.php?title=List_of_S%26P_500_companies&action=raw
KO,Coca-Cola Company (The),Consumer Staples,Soft Drinks & Non-alcoholic Beverages,"Atlanta, Georgia",3/4/1957,0000021344,1886,https://en.wikipedia.org/w/index.php?title=List_of_S%26P_500_companies&action=raw
CTSH,Cognizant,Information Technology,IT Consulting & Other Services,"Teaneck, New Jersey",11/17/2006,0001058290,1994,https://en.wikipedia.org/w/index.php?title=List_of_S%26P_500_companies&action=raw
COHR,Coherent Corp.,Information Technology,Electronic Components,"Saxonburg, Pennsylvania",3/23/2026,0000820318,1971,https://en.wikipedia.org/w/index.php?title=List_of_S%26P_500_companies&action=raw
COIN,Coinbase,Financials,Financial Exchanges & Data,"New York City, New York",5/19/2025,0001679788,2012,https://en.wikipedia.org/w/index.php?title=List_of_S%26P_500_companies&action=raw
CL,Colgate-Palmolive,Consumer Staples,Household Products,"New York City, New York",3/4/1957,0000021665,1806,https://en.wikipedia.org/w/index.php?title=List_of_S%26P_500_companies&action=raw
CMCSA,Comcast,Communication Services,Cable & Satellite,"Philadelphia, Pennsylvania",11/19/2002,0001166691,1963,https://en.wikipedia.org/w/index.php?title=List_of_S%26P_500_companies&action=raw
FIX,Comfort Systems USA,Industrials,Construction & Engineering,"Houston, Texas",12/22/2025,0001035983,1997,https://en.wikipedia.org/w/index.php?title=List_of_S%26P_500_companies&action=raw
CAG,Conagra Brands,Consumer Staples,Packaged Foods & Meats,"Chicago, Illinois",8/31/1983,0000023217,1919,https://en.wikipedia.org/w/index.php?title=List_of_S%26P_500_companies&action=raw
COP,ConocoPhillips,Energy,Oil & Gas Exploration & Production,"Houston, Texas",3/4/1957,0001163165,2002,https://en.wikipedia.org/w/index.php?title=List_of_S%26P_500_companies&action=raw
ED,Consolidated Edison,Utilities,Multi-Utilities,"New York City, New York",3/4/1957,0001047862,1823,https://en.wikipedia.org/w/index.php?title=List_of_S%26P_500_companies&action=raw
STZ,Constellation Brands,Consumer Staples,Distillers & Vintners,"Rochester, New York",7/1/2005,0000016918,1945,https://en.wikipedia.org/w/index.php?title=List_of_S%26P_500_companies&action=raw
CEG,Constellation Energy,Utilities,Electric Utilities,"Baltimore, Maryland",2/2/2022,0001868275,1999,https://en.wikipedia.org/w/index.php?title=List_of_S%26P_500_companies&action=raw
COO,Cooper Companies (The),Health Care,Health Care Supplies,"San Ramon, California",9/23/2016,0000711404,1958,https://en.wikipedia.org/w/index.php?title=List_of_S%26P_500_companies&action=raw
CPRT,Copart,Industrials,Diversified Support Services,"Dallas, Texas",7/2/2018,0000900075,1982,https://en.wikipedia.org/w/index.php?title=List_of_S%26P_500_companies&action=raw
GLW,Corning Inc.,Information Technology,Electronic Components,"Corning, New York",2/27/1995,0000024741,1851,https://en.wikipedia.org/w/index.php?title=List_of_S%26P_500_companies&action=raw
CPAY,Corpay,Financials,Transaction & Payment Processing Services,"Atlanta, Georgia",6/20/2018,0001175454,2000,https://en.wikipedia.org/w/index.php?title=List_of_S%26P_500_companies&action=raw
CTVA,Corteva,Materials,Fertilizers & Agricultural Chemicals,"Indianapolis, Indiana",6/3/2019,0001755672,2019,https://en.wikipedia.org/w/index.php?title=List_of_S%26P_500_companies&action=raw
CSGP,CoStar Group,Real Estate,Real Estate Services,"Washington, D.C.",9/19/2022,0001057352,1987,https://en.wikipedia.org/w/index.php?title=List_of_S%26P_500_companies&action=raw
COST,Costco,Consumer Staples,Consumer Staples Merchandise Retail,"Issaquah, Washington",10/1/1993,0000909832,1976,https://en.wikipedia.org/w/index.php?title=List_of_S%26P_500_companies&action=raw
CTRA,Coterra,Energy,Oil & Gas Exploration & Production,"Houston, Texas",6/23/2008,0000858470,2021 (1989),https://en.wikipedia.org/w/index.php?title=List_of_S%26P_500_companies&action=raw
CRH,CRH plc,Materials,Construction Materials,"Dublin, Ireland",12/22/2025,0000849395,1970,https://en.wikipedia.org/w/index.php?title=List_of_S%26P_500_companies&action=raw
CRWD,CrowdStrike,Information Technology,Systems Software,"Austin, Texas",6/24/2024,0001535527,2011,https://en.wikipedia.org/w/index.php?title=List_of_S%26P_500_companies&action=raw
CCI,Crown Castle,Real Estate,Telecom Tower REITs,"Houston, Texas",3/14/2012,0001051470,1994,https://en.wikipedia.org/w/index.php?title=List_of_S%26P_500_companies&action=raw
CSX,CSX Corporation,Industrials,Rail Transportation,"Jacksonville, Florida",3/4/1957,0000277948,1980,https://en.wikipedia.org/w/index.php?title=List_of_S%26P_500_companies&action=raw
CMI,Cummins,Industrials,Construction Machinery & Heavy Transportation Equipment,"Columbus, Indiana",3/31/1965,0000026172,1919,https://en.wikipedia.org/w/index.php?title=List_of_S%26P_500_companies&action=raw
CVS,CVS Health,Health Care,Health Care Services,"Woonsocket, Rhode Island",3/4/1957,0000064803,1996,https://en.wikipedia.org/w/index.php?title=List_of_S%26P_500_companies&action=raw
DHR,Danaher Corporation,Health Care,Life Sciences Tools & Services,"Washington, D.C.",11/18/1998,0000313616,1969,https://en.wikipedia.org/w/index.php?title=List_of_S%26P_500_companies&action=raw
DRI,Darden Restaurants,Consumer Discretionary,Restaurants,"Orlando, Florida",5/31/1995,0000940944,1938,https://en.wikipedia.org/w/index.php?title=List_of_S%26P_500_companies&action=raw
DDOG,Datadog,Information Technology,Application Software,"New York City, New York",7/9/2025,0001561550,2010,https://en.wikipedia.org/w/index.php?title=List_of_S%26P_500_companies&action=raw
DVA,DaVita,Health Care,Health Care Services,"Denver, Colorado",7/31/2008,0000927066,1979,https://en.wikipedia.org/w/index.php?title=List_of_S%26P_500_companies&action=raw
DECK,Deckers Brands,Consumer Discretionary,Footwear,"Goleta, California",3/18/2024,0000910521,1973,https://en.wikipedia.org/w/index.php?title=List_of_S%26P_500_companies&action=raw
DE,Deere & Company,Industrials,Agricultural & Farm Machinery,"Moline, Illinois",3/4/1957,0000315189,1837,https://en.wikipedia.org/w/index.php?title=List_of_S%26P_500_companies&action=raw
DELL,Dell Technologies,Information Technology,"Technology Hardware, Storage & Peripherals","Round Rock, Texas",9/23/2024,0001571996,2016,https://en.wikipedia.org/w/index.php?title=List_of_S%26P_500_companies&action=raw
DAL,Delta Air Lines,Industrials,Passenger Airlines,"Atlanta, Georgia",9/11/2013,0000027904,1929,https://en.wikipedia.org/w/index.php?title=List_of_S%26P_500_companies&action=raw
DVN,Devon Energy,Energy,Oil & Gas Exploration & Production,"Oklahoma City, Oklahoma",8/30/2000,0001090012,1971,https://en.wikipedia.org/w/index.php?title=List_of_S%26P_500_companies&action=raw
DXCM,Dexcom,Health Care,Health Care Equipment,"San Diego, California",5/12/2020,0001093557,1999,https://en.wikipedia.org/w/index.php?title=List_of_S%26P_500_companies&action=raw
FANG,Diamondback Energy,Energy,Oil & Gas Exploration & Production,"Midland, Texas",12/3/2018,0001539838,2007,https://en.wikipedia.org/w/index.php?title=List_of_S%26P_500_companies&action=raw
DLR,Digital Realty,Real Estate,Data Center REITs,"Austin, Texas",5/18/2016,0001297996,2004,https://en.wikipedia.org/w/index.php?title=List_of_S%26P_500_companies&action=raw
DG,Dollar General,Consumer Staples,Consumer Staples Merchandise Retail,"Goodlettsville, Tennessee",12/3/2012,0000029534,1939,https://en.wikipedia.org/w/index.php?title=List_of_S%26P_500_companies&action=raw
DLTR,Dollar Tree,Consumer Staples,Consumer Staples Merchandise Retail,"Chesapeake, Virginia",12/19/2011,0000935703,1986,https://en.wikipedia.org/w/index.php?title=List_of_S%26P_500_companies&action=raw
D,Dominion Energy,Utilities,Multi-Utilities,"Richmond, Virginia",11/30/2016,0000715957,1983,https://en.wikipedia.org/w/index.php?title=List_of_S%26P_500_companies&action=raw
DPZ,Domino's,Consumer Discretionary,Restaurants,"Ann Arbor, Michigan",5/12/2020,0001286681,1960,https://en.wikipedia.org/w/index.php?title=List_of_S%26P_500_companies&action=raw
DASH,DoorDash,Consumer Discretionary,Specialized Consumer Services,"San Francisco, California",3/24/2025,0001792789,2012,https://en.wikipedia.org/w/index.php?title=List_of_S%26P_500_companies&action=raw
DOV,Dover Corporation,Industrials,Industrial Machinery & Supplies & Components,"Downers Grove, Illinois",10/31/1985,0000029905,1955,https://en.wikipedia.org/w/index.php?title=List_of_S%26P_500_companies&action=raw
DOW,Dow Inc.,Materials,Commodity Chemicals,"Midland, Michigan",4/1/2019,0001751788,2019 (1897),https://en.wikipedia.org/w/index.php?title=List_of_S%26P_500_companies&action=raw
DHI,D. R. Horton,Consumer Discretionary,Homebuilding,"Arlington, Texas",6/22/2005,0000882184,1978,https://en.wikipedia.org/w/index.php?title=List_of_S%26P_500_companies&action=raw
DTE,DTE Energy,Utilities,Multi-Utilities,"Detroit, Michigan",3/4/1957,0000936340,1995,https://en.wikipedia.org/w/index.php?title=List_of_S%26P_500_companies&action=raw
DUK,Duke Energy,Utilities,Electric Utilities,"Charlotte, North Carolina",6/30/1976,0001326160,1904,https://en.wikipedia.org/w/index.php?title=List_of_S%26P_500_companies&action=raw
DD,DuPont,Materials,Specialty Chemicals,"Wilmington, Delaware",6/3/2019,0001666700,2017 (1802),https://en.wikipedia.org/w/index.php?title=List_of_S%26P_500_companies&action=raw
ETN,Eaton Corporation,Industrials,Electrical Components & Equipment,"Dublin, Ireland",3/4/1957,0001551182,1911,https://en.wikipedia.org/w/index.php?title=List_of_S%26P_500_companies&action=raw
EBAY,eBay Inc.,Consumer Discretionary,Broadline Retail,"San Jose, California",7/22/2002,0001065088,1995,https://en.wikipedia.org/w/index.php?title=List_of_S%26P_500_companies&action=raw
SATS,EchoStar,Communication Services,Wireless Telecommunication Services,"Englewood, Colorado",3/23/2026,0001415404,2008,https://en.wikipedia.org/w/index.php?title=List_of_S%26P_500_companies&action=raw
ECL,Ecolab,Materials,Specialty Chemicals,"Saint Paul, Minnesota",1/31/1989,0000031462,1923,https://en.wikipedia.org/w/index.php?title=List_of_S%26P_500_companies&action=raw
EIX,Edison International,Utilities,Electric Utilities,"Rosemead, California",3/4/1957,0000827052,1886,https://en.wikipedia.org/w/index.php?title=List_of_S%26P_500_companies&action=raw
EW,Edwards Lifesciences,Health Care,Health Care Equipment,"Irvine, California",4/1/2011,0001099800,1958,https://en.wikipedia.org/w/index.php?title=List_of_S%26P_500_companies&action=raw
EA,Electronic Arts,Communication Services,Interactive Home Entertainment,"Redwood City, California",7/22/2002,0000712515,1982,https://en.wikipedia.org/w/index.php?title=List_of_S%26P_500_companies&action=raw
ELV,Elevance Health,Health Care,Managed Health Care,"Indianapolis, Indiana",7/25/2002,0001156039,2014 (1946),https://en.wikipedia.org/w/index.php?title=List_of_S%26P_500_companies&action=raw
EME,Emcor,Industrials,Construction & Engineering,"Norwalk, Connecticut",9/22/2025,0000105634,1994,https://en.wikipedia.org/w/index.php?title=List_of_S%26P_500_companies&action=raw
EMR,Emerson Electric,Industrials,Electrical Components & Equipment,"Ferguson, Missouri",3/31/1965,0000032604,1890,https://en.wikipedia.org/w/index.php?title=List_of_S%26P_500_companies&action=raw
ETR,Entergy,Utilities,Electric Utilities,"New Orleans, Louisiana",3/4/1957,0000065984,1913,https://en.wikipedia.org/w/index.php?title=List_of_S%26P_500_companies&action=raw
EOG,EOG Resources,Energy,Oil & Gas Exploration & Production,"Houston, Texas",11/2/2000,0000821189,1999,https://en.wikipedia.org/w/index.php?title=List_of_S%26P_500_companies&action=raw
EPAM,EPAM Systems,Information Technology,IT Consulting & Other Services,"Newtown, Pennsylvania",12/14/2021,0001352010,1993,https://en.wikipedia.org/w/index.php?title=List_of_S%26P_500_companies&action=raw
EQT,EQT Corporation,Energy,Oil & Gas Exploration & Production,"Pittsburgh, Pennsylvania",10/3/2022,0000033213,1888,https://en.wikipedia.org/w/index.php?title=List_of_S%26P_500_companies&action=raw
EFX,Equifax,Industrials,Research & Consulting Services,"Atlanta, Georgia",6/19/1997,0000033185,1899,https://en.wikipedia.org/w/index.php?title=List_of_S%26P_500_companies&action=raw
EQIX,Equinix,Real Estate,Data Center REITs,"Redwood City, California",3/20/2015,0001101239,1998,https://en.wikipedia.org/w/index.php?title=List_of_S%26P_500_companies&action=raw
EQR,Equity Residential,Real Estate,Multi-Family Residential REITs,"Chicago, Illinois",12/3/2001,0000906107,1969,https://en.wikipedia.org/w/index.php?title=List_of_S%26P_500_companies&action=raw
ERIE,Erie Indemnity,Financials,Insurance Brokers,"Erie, Pennsylvania",9/23/2024,0000922621,1925,https://en.wikipedia.org/w/index.php?title=List_of_S%26P_500_companies&action=raw
ESS,Essex Property Trust,Real Estate,Multi-Family Residential REITs,"San Mateo, California",4/2/2014,0000920522,1971,https://en.wikipedia.org/w/index.php?title=List_of_S%26P_500_companies&action=raw
EL,Estée Lauder Companies (The),Consumer Staples,Personal Care Products,"New York City, New York",1/5/2006,0001001250,1946,https://en.wikipedia.org/w/index.php?title=List_of_S%26P_500_companies&action=raw
EG,Everest Group,Financials,Reinsurance,"Hamilton, Bermuda",6/19/2017,0001095073,1973,https://en.wikipedia.org/w/index.php?title=List_of_S%26P_500_companies&action=raw
EVRG,Evergy,Utilities,Electric Utilities,"Kansas City, Missouri",6/5/2018,0001711269,1909,https://en.wikipedia.org/w/index.php?title=List_of_S%26P_500_companies&action=raw
ES,Eversource Energy,Utilities,Electric Utilities,"Hartford, Connecticut",7/24/2009,0000072741,1966,https://en.wikipedia.org/w/index.php?title=List_of_S%26P_500_companies&action=raw
EXC,Exelon,Utilities,Electric Utilities,"Chicago, Illinois",3/4/1957,0001109357,2000,https://en.wikipedia.org/w/index.php?title=List_of_S%26P_500_companies&action=raw
EXE,Expand Energy,Energy,Oil & Gas Exploration & Production,"Oklahoma City, Oklahoma",3/24/2025,0000895126,1989,https://en.wikipedia.org/w/index.php?title=List_of_S%26P_500_companies&action=raw
EXPE,Expedia Group,Consumer Discretionary,"Hotels, Resorts & Cruise Lines","Seattle, Washington",10/2/2007,0001324424,1996,https://en.wikipedia.org/w/index.php?title=List_of_S%26P_500_companies&action=raw
EXPD,Expeditors International,Industrials,Air Freight & Logistics,"Seattle, Washington",10/10/2007,0000746515,1979,https://en.wikipedia.org/w/index.php?title=List_of_S%26P_500_companies&action=raw
EXR,Extra Space Storage,Real Estate,Self-Storage REITs,"Salt Lake City, Utah",1/19/2016,0001289490,1977,https://en.wikipedia.org/w/index.php?title=List_of_S%26P_500_companies&action=raw
XOM,ExxonMobil,Energy,Integrated Oil & Gas,"Irving, Texas",3/4/1957,0000034088,1999,https://en.wikipedia.org/w/index.php?title=List_of_S%26P_500_companies&action=raw
FFIV,"F5, Inc.",Information Technology,Communications Equipment,"Seattle, Washington",12/20/2010,0001048695,1996,https://en.wikipedia.org/w/index.php?title=List_of_S%26P_500_companies&action=raw
FDS,FactSet,Financials,Financial Exchanges & Data,"Norwalk, Connecticut",12/20/2021,0001013237,1978,https://en.wikipedia.org/w/index.php?title=List_of_S%26P_500_companies&action=raw
FICO,Fair Isaac,Information Technology,Application Software,"Bozeman, Montana",3/20/2023,0000814547,1956,https://en.wikipedia.org/w/index.php?title=List_of_S%26P_500_companies&action=raw
FAST,Fastenal,Industrials,Trading Companies & Distributors,"Winona, Minnesota",9/15/2008,0000815556,1967,https://en.wikipedia.org/w/index.php?title=List_of_S%26P_500_companies&action=raw
FRT,Federal Realty Investment Trust,Real Estate,Retail REITs,"Rockville, Maryland",2/1/2016,0000034903,1962,https://en.wikipedia.org/w/index.php?title=List_of_S%26P_500_companies&action=raw
FDX,FedEx,Industrials,Air Freight & Logistics,"Memphis, Tennessee",12/31/1980,0001048911,1971,https://en.wikipedia.org/w/index.php?title=List_of_S%26P_500_companies&action=raw
FIS,Fidelity National Information Services,Financials,Transaction & Payment Processing Services,"Jacksonville, Florida",11/10/2006,0001136893,1968,https://en.wikipedia.org/w/index.php?title=List_of_S%26P_500_companies&action=raw
FITB,Fifth Third Bancorp,Financials,Regional Banks,"Cincinnati, Ohio",3/29/1996,0000035527,1858,https://en.wikipedia.org/w/index.php?title=List_of_S%26P_500_companies&action=raw
FSLR,First Solar,Information Technology,Semiconductors,"Tempe, Arizona",12/19/2022,0001274494,1999,https://en.wikipedia.org/w/index.php?title=List_of_S%26P_500_companies&action=raw
FE,FirstEnergy,Utilities,Electric Utilities,"Akron, Ohio",11/28/1997,0001031296,1997,https://en.wikipedia.org/w/index.php?title=List_of_S%26P_500_companies&action=raw
FISV,Fiserv,Financials,Transaction & Payment Processing Services,"Brookfield, Wisconsin",4/2/2001,0000798354,1984,https://en.wikipedia.org/w/index.php?title=List_of_S%26P_500_companies&action=raw
F,Ford Motor Company,Consumer Discretionary,Automobile Manufacturers,"Dearborn, Michigan",3/4/1957,0000037996,1903,https://en.wikipedia.org/w/index.php?title=List_of_S%26P_500_companies&action=raw
FTNT,Fortinet,Information Technology,Systems Software,"Sunnyvale, California",10/11/2018,0001262039,2000,https://en.wikipedia.org/w/index.php?title=List_of_S%26P_500_companies&action=raw
FTV,Fortive,Industrials,Industrial Machinery & Supplies & Components,"Everett, Washington",7/1/2016,0001659166,2016,https://en.wikipedia.org/w/index.php?title=List_of_S%26P_500_companies&action=raw
FOXA,Fox Corporation (Class A),Communication Services,Broadcasting,"New York City, New York",3/19/2019,0001754301,2019,https://en.wikipedia.org/w/index.php?title=List_of_S%26P_500_companies&action=raw
FOX,Fox Corporation (Class B),Communication Services,Broadcasting,"New York City, New York",3/19/2019,0001754301,2019,https://en.wikipedia.org/w/index.php?title=List_of_S%26P_500_companies&action=raw
BEN,Franklin Resources,Financials,Asset Management & Custody Banks,"San Mateo, California",4/30/1998,0000038777,1947,https://en.wikipedia.org/w/index.php?title=List_of_S%26P_500_companies&action=raw
FCX,Freeport-McMoRan,Materials,Copper,"Phoenix, Arizona",7/1/2011,0000831259,1912,https://en.wikipedia.org/w/index.php?title=List_of_S%26P_500_companies&action=raw
GRMN,Garmin,Consumer Discretionary,Consumer Electronics,"Schaffhausen, Switzerland",12/12/2012,0001121788,1989,https://en.wikipedia.org/w/index.php?title=List_of_S%26P_500_companies&action=raw
IT,Gartner,Information Technology,IT Consulting & Other Services,"Stamford, Connecticut",4/5/2017,0000749251,1979,https://en.wikipedia.org/w/index.php?title=List_of_S%26P_500_companies&action=raw
GE,GE Aerospace,Industrials,Aerospace & Defense,"Evendale, Ohio",3/4/1957,0000040545,1892,https://en.wikipedia.org/w/index.php?title=List_of_S%26P_500_companies&action=raw
GEHC,GE HealthCare,Health Care,Health Care Equipment,"Chicago, Illinois",1/4/2023,0001932393,1994,https://en.wikipedia.org/w/index.php?title=List_of_S%26P_500_companies&action=raw
GEV,GE Vernova,Industrials,Heavy Electrical Equipment,"Cambridge, Massachusetts",4/2/2024,0001996810,2024,https://en.wikipedia.org/w/index.php?title=List_of_S%26P_500_companies&action=raw
GEN,Gen Digital,Information Technology,Systems Software,"Tempe, Arizona",3/25/2003,0000849399,1982,https://en.wikipedia.org/w/index.php?title=List_of_S%26P_500_companies&action=raw
GNRC,Generac,Industrials,Electrical Components & Equipment,"Waukesha, Wisconsin",3/22/2021,0001474735,1959,https://en.wikipedia.org/w/index.php?title=List_of_S%26P_500_companies&action=raw
GD,General Dynamics,Industrials,Aerospace & Defense,"Reston, Virginia",3/4/1957,0000040533,1899,https://en.wikipedia.org/w/index.php?title=List_of_S%26P_500_companies&action=raw
GIS,General Mills,Consumer Staples,Packaged Foods & Meats,"Golden Valley, Minnesota",3/4/1957,0000040704,1856,https://en.wikipedia.org/w/index.php?title=List_of_S%26P_500_companies&action=raw
GM,General Motors,Consumer Discretionary,Automobile Manufacturers,"Detroit, Michigan",6/6/2013,0001467858,1908,https://en.wikipedia.org/w/index.php?title=List_of_S%26P_500_companies&action=raw
GPC,Genuine Parts Company,Consumer Discretionary,Distributors,"Atlanta, Georgia",12/31/1973,0000040987,1925,https://en.wikipedia.org/w/index.php?title=List_of_S%26P_500_companies&action=raw
GILD,Gilead Sciences,Health Care,Biotechnology,"Foster City, California",7/1/2004,0000882095,1987,https://en.wikipedia.org/w/index.php?title=List_of_S%26P_500_companies&action=raw
GPN,Global Payments,Financials,Transaction & Payment Processing Services,"Atlanta, Georgia",4/25/2016,0001123360,2000,https://en.wikipedia.org/w/index.php?title=List_of_S%26P_500_companies&action=raw
GL,Globe Life,Financials,Life & Health Insurance,"McKinney, Texas",4/30/1989,0000320335,1900,https://en.wikipedia.org/w/index.php?title=List_of_S%26P_500_companies&action=raw
GDDY,GoDaddy,Information Technology,Internet Services & Infrastructure,"Tempe, Arizona",6/24/2024,0001609711,1997,https://en.wikipedia.org/w/index.php?title=List_of_S%26P_500_companies&action=raw
GS,Goldman Sachs,Financials,Investment Banking & Brokerage,"New York City, New York",7/22/2002,0000886982,1869,https://en.wikipedia.org/w/index.php?title=List_of_S%26P_500_companies&action=raw
HAL,Halliburton,Energy,Oil & Gas Equipment & Services,"Houston, Texas",3/4/1957,0000045012,1919,https://en.wikipedia.org/w/index.php?title=List_of_S%26P_500_companies&action=raw
HIG,Hartford (The),Financials,Property & Casualty Insurance,"Hartford, Connecticut",3/4/1957,0000874766,1810,https://en.wikipedia.org/w/index.php?title=List_of_S%26P_500_companies&action=raw
HAS,Hasbro,Consumer Discretionary,Leisure Products,"Pawtucket, Rhode Island",9/30/1984,0000046080,1923,https://en.wikipedia.org/w/index.php?title=List_of_S%26P_500_companies&action=raw
HCA,HCA Healthcare,Health Care,Health Care Facilities,"Nashville, Tennessee",1/27/2015,0000860730,1968,https://en.wikipedia.org/w/index.php?title=List_of_S%26P_500_companies&action=raw
DOC,Healthpeak Properties,Real Estate,Health Care REITs,"Denver, Colorado",3/31/2008,0000765880,1985,https://en.wikipedia.org/w/index.php?title=List_of_S%26P_500_companies&action=raw
HSIC,Henry Schein,Health Care,Health Care Distributors,"Melville, New York",3/17/2015,0001000228,1932,https://en.wikipedia.org/w/index.php?title=List_of_S%26P_500_companies&action=raw
HSY,Hershey Company (The),Consumer Staples,Packaged Foods & Meats,"Hershey, Pennsylvania",3/4/1957,0000047111,1894,https://en.wikipedia.org/w/index.php?title=List_of_S%26P_500_companies&action=raw
HPE,Hewlett Packard Enterprise,Information Technology,"Technology Hardware, Storage & Peripherals","Houston, Texas",11/2/2015,0001645590,2015,https://en.wikipedia.org/w/index.php?title=List_of_S%26P_500_companies&action=raw
HLT,Hilton Worldwide,Consumer Discretionary,"Hotels, Resorts & Cruise Lines","Tysons Corner, Virginia",6/19/2017,0001585689,1919,https://en.wikipedia.org/w/index.php?title=List_of_S%26P_500_companies&action=raw
HD,Home Depot (The),Consumer Discretionary,Home Improvement Retail,"Atlanta, Georgia",3/31/1988,0000354950,1978,https://en.wikipedia.org/w/index.php?title=List_of_S%26P_500_companies&action=raw
HON,Honeywell,Industrials,Industrial Conglomerates,"Charlotte, North Carolina",3/4/1957,0000773840,1906,https://en.wikipedia.org/w/index.php?title=List_of_S%26P_500_companies&action=raw
HRL,Hormel Foods,Consumer Staples,Packaged Foods & Meats,"Austin, Minnesota",3/4/2009,0000048465,1891,https://en.wikipedia.org/w/index.php?title=List_of_S%26P_500_companies&action=raw
HST,Host Hotels & Resorts,Real Estate,Hotel & Resort REITs,"Bethesda, Maryland",3/20/2007,0001070750,1993,https://en.wikipedia.org/w/index.php?title=List_of_S%26P_500_companies&action=raw
HWM,Howmet Aerospace,Industrials,Aerospace & Defense,"Pittsburgh, Pennsylvania",10/21/2016,0000004281,1888,https://en.wikipedia.org/w/index.php?title=List_of_S%26P_500_companies&action=raw
HPQ,HP Inc.,Information Technology,"Technology Hardware, Storage & Peripherals","Palo Alto, California",12/31/1974,0000047217,1939 (2015),https://en.wikipedia.org/w/index.php?title=List_of_S%26P_500_companies&action=raw
HUBB,Hubbell Incorporated,Industrials,Industrial Machinery & Supplies & Components,"Shelton, Connecticut",10/18/2023,0000048898,1888,https://en.wikipedia.org/w/index.php?title=List_of_S%26P_500_companies&action=raw
HUM,Humana,Health Care,Managed Health Care,"Louisville, Kentucky",12/10/2012,0000049071,1961,https://en.wikipedia.org/w/index.php?title=List_of_S%26P_500_companies&action=raw
HBAN,Huntington Bancshares,Financials,Regional Banks,"Columbus, Ohio; Detroit, Michigan",8/28/1997,0000049196,1866,https://en.wikipedia.org/w/index.php?title=List_of_S%26P_500_companies&action=raw
HII,Huntington Ingalls Industries,Industrials,Aerospace & Defense,"Newport News, Virginia",1/3/2018,0001501585,2011,https://en.wikipedia.org/w/index.php?title=List_of_S%26P_500_companies&action=raw
IBM,IBM,Information Technology,IT Consulting & Other Services,"Armonk, New York",3/4/1957,0000051143,1911,https://en.wikipedia.org/w/index.php?title=List_of_S%26P_500_companies&action=raw
IEX,IDEX Corporation,Industrials,Industrial Machinery & Supplies & Components,"Northbrook, Illinois",8/9/2019,0000832101,1988,https://en.wikipedia.org/w/index.php?title=List_of_S%26P_500_companies&action=raw
IDXX,Idexx Laboratories,Health Care,Health Care Equipment,"Westbrook, Maine",1/5/2017,0000874716,1983,https://en.wikipedia.org/w/index.php?title=List_of_S%26P_500_companies&action=raw
ITW,Illinois Tool Works,Industrials,Industrial Machinery & Supplies & Components,"Glenview, Illinois",2/28/1986,0000049826,1912,https://en.wikipedia.org/w/index.php?title=List_of_S%26P_500_companies&action=raw
INCY,Incyte,Health Care,Biotechnology,"Wilmington, Delaware",2/28/2017,0000879169,1991,https://en.wikipedia.org/w/index.php?title=List_of_S%26P_500_companies&action=raw
IR,Ingersoll Rand,Industrials,Industrial Machinery & Supplies & Components,"Davidson, North Carolina",3/3/2020,0001699150,1859,https://en.wikipedia.org/w/index.php?title=List_of_S%26P_500_companies&action=raw
PODD,Insulet Corporation,Health Care,Health Care Equipment,"Acton, Massachusetts",3/15/2023,0001145197,2000,https://en.wikipedia.org/w/index.php?title=List_of_S%26P_500_companies&action=raw
INTC,Intel,Information Technology,Semiconductors,"Santa Clara, California",12/31/1976,0000050863,1968,https://en.wikipedia.org/w/index.php?title=List_of_S%26P_500_companies&action=raw
IBKR,Interactive Brokers,Financials,Investment Banking & Brokerage,"Greenwich, Connecticut",8/28/2025,0001381197,1977,https://en.wikipedia.org/w/index.php?title=List_of_S%26P_500_companies&action=raw
ICE,Intercontinental Exchange,Financials,Financial Exchanges & Data,"Atlanta, Georgia",9/26/2007,0001571949,2000,https://en.wikipedia.org/w/index.php?title=List_of_S%26P_500_companies&action=raw
IFF,International Flavors & Fragrances,Materials,Specialty Chemicals,"New York City, New York",3/31/1976,0000051253,1958 (1889),https://en.wikipedia.org/w/index.php?title=List_of_S%26P_500_companies&action=raw
IP,International Paper,Materials,Paper & Plastic Packaging Products & Materials,"Memphis, Tennessee",3/4/1957,0000051434,1898,https://en.wikipedia.org/w/index.php?title=List_of_S%26P_500_companies&action=raw
INTU,Intuit,Information Technology,Application Software,"Mountain View, California",12/5/2000,0000896878,1983,https://en.wikipedia.org/w/index.php?title=List_of_S%26P_500_companies&action=raw
ISRG,Intuitive Surgical,Health Care,Health Care Equipment,"Sunnyvale, California",6/2/2008,0001035267,1995,https://en.wikipedia.org/w/index.php?title=List_of_S%26P_500_companies&action=raw
IVZ,Invesco,Financials,Asset Management & Custody Banks,"Atlanta, Georgia",8/21/2008,0000914208,1935,https://en.wikipedia.org/w/index.php?title=List_of_S%26P_500_companies&action=raw
INVH,Invitation Homes,Real Estate,Single-Family Residential REITs,"Dallas, Texas",9/19/2022,0001687229,2012,https://en.wikipedia.org/w/index.php?title=List_of_S%26P_500_companies&action=raw
IQV,IQVIA,Health Care,Life Sciences Tools & Services,"Durham, North Carolina",8/29/2017,0001478242,1982,https://en.wikipedia.org/w/index.php?title=List_of_S%26P_500_companies&action=raw
IRM,Iron Mountain,Real Estate,Other Specialized REITs,"Portsmouth, New Hampshire",1/6/2009,0001020569,1951,https://en.wikipedia.org/w/index.php?title=List_of_S%26P_500_companies&action=raw
JBHT,J.B. Hunt,Industrials,Cargo Ground Transportation,"Lowell, Arkansas",7/1/2015,0000728535,1961,https://en.wikipedia.org/w/index.php?title=List_of_S%26P_500_companies&action=raw
JBL,Jabil,Information Technology,Electronic Manufacturing Services,"St. Petersburg, Florida",12/18/2023,0000898293,1966,https://en.wikipedia.org/w/index.php?title=List_of_S%26P_500_companies&action=raw
JKHY,Jack Henry & Associates,Financials,Transaction & Payment Processing Services,"Monett, Missouri",11/13/2018,0000779152,1976,https://en.wikipedia.org/w/index.php?title=List_of_S%26P_500_companies&action=raw
J,Jacobs Solutions,Industrials,Construction & Engineering,"Dallas, Texas",10/26/2007,0000052988,1947,https://en.wikipedia.org/w/index.php?title=List_of_S%26P_500_companies&action=raw
JNJ,Johnson & Johnson,Health Care,Pharmaceuticals,"New Brunswick, New Jersey",6/30/1973,0000200406,1886,https://en.wikipedia.org/w/index.php?title=List_of_S%26P_500_companies&action=raw
JCI,Johnson Controls,Industrials,Building Products,"Cork, Ireland",8/27/2010,0000833444,1885,https://en.wikipedia.org/w/index.php?title=List_of_S%26P_500_companies&action=raw
JPM,JPMorgan Chase,Financials,Diversified Banks,"New York City, New York",6/30/1975,0000019617,2000 (1799 / 1871),https://en.wikipedia.org/w/index.php?title=List_of_S%26P_500_companies&action=raw
KVUE,Kenvue,Consumer Staples,Personal Care Products,"Skillman, New Jersey",8/25/2023,0001944048,2022 (Johnson & Johnson spinoff),https://en.wikipedia.org/w/index.php?title=List_of_S%26P_500_companies&action=raw
KDP,Keurig Dr Pepper,Consumer Staples,Soft Drinks & Non-alcoholic Beverages,"Burlington, Massachusetts",6/21/2022,0001418135,1981,https://en.wikipedia.org/w/index.php?title=List_of_S%26P_500_companies&action=raw
KEY,KeyCorp,Financials,Regional Banks,"Cleveland, Ohio",3/1/1994,0000091576,1825,https://en.wikipedia.org/w/index.php?title=List_of_S%26P_500_companies&action=raw
KEYS,Keysight Technologies,Information Technology,Electronic Equipment & Instruments,"Santa Rosa, California",11/6/2018,0001601046,2014 (1939),https://en.wikipedia.org/w/index.php?title=List_of_S%26P_500_companies&action=raw
KMB,Kimberly-Clark,Consumer Staples,Household Products,"Irving, Texas",3/4/1957,0000055785,1872,https://en.wikipedia.org/w/index.php?title=List_of_S%26P_500_companies&action=raw
KIM,Kimco Realty,Real Estate,Retail REITs,"Jericho, New York",4/4/2006,0000879101,1958,https://en.wikipedia.org/w/index.php?title=List_of_S%26P_500_companies&action=raw
KMI,Kinder Morgan,Energy,Oil & Gas Storage & Transportation,"Houston, Texas",5/25/2012,0001506307,1997,https://en.wikipedia.org/w/index.php?title=List_of_S%26P_500_companies&action=raw
KKR,KKR & Co.,Financials,Asset Management & Custody Banks,"New York City, New York",6/24/2024,0001404912,1976,https://en.wikipedia.org/w/index.php?title=List_of_S%26P_500_companies&action=raw
KLAC,KLA Corporation,Information Technology,Semiconductor Materials & Equipment,"Milpitas, California",9/30/1997,0000319201,1975/1977 (1997),https://en.wikipedia.org/w/index.php?title=List_of_S%26P_500_companies&action=raw
KHC,Kraft Heinz,Consumer Staples,Packaged Foods & Meats,"Chicago, Illinois; Pittsburgh, Pennsylvania",7/6/2015,0001637459,2015 (1869),https://en.wikipedia.org/w/index.php?title=List_of_S%26P_500_companies&action=raw
KR,Kroger,Consumer Staples,Food Retail,"Cincinnati, Ohio",3/4/1957,0000056873,1883,https://en.wikipedia.org/w/index.php?title=List_of_S%26P_500_companies&action=raw
LHX,L3Harris,Industrials,Aerospace & Defense,"Melbourne, Florida",9/22/2008,0000202058,"2019 (L3 1997, Harris 1895)",https://en.wikipedia.org/w/index.php?title=List_of_S%26P_500_companies&action=raw
LH,Labcorp,Health Care,Health Care Services,"Burlington, North Carolina",11/1/2004,0000920148,1978,https://en.wikipedia.org/w/index.php?title=List_of_S%26P_500_companies&action=raw
LRCX,Lam Research,Information Technology,Semiconductor Materials & Equipment,"Fremont, California",6/29/2012,0000707549,1980,https://en.wikipedia.org/w/index.php?title=List_of_S%26P_500_companies&action=raw
LVS,Las Vegas Sands,Consumer Discretionary,Casinos & Gaming,"Las Vegas, Nevada",10/3/2019,0001300514,1988,https://en.wikipedia.org/w/index.php?title=List_of_S%26P_500_companies&action=raw
LDOS,Leidos,Industrials,Diversified Support Services,"Reston, Virginia",8/9/2019,0001336920,1969,https://en.wikipedia.org/w/index.php?title=List_of_S%26P_500_companies&action=raw
LEN,Lennar,Consumer Discretionary,Homebuilding,"Miami, Florida",10/4/2005,0000920760,1954,https://en.wikipedia.org/w/index.php?title=List_of_S%26P_500_companies&action=raw
LII,Lennox International,Industrials,Building Products,"Richardson, Texas",12/23/2024,0001069202,1895,https://en.wikipedia.org/w/index.php?title=List_of_S%26P_500_companies&action=raw
LLY,Lilly (Eli),Health Care,Pharmaceuticals,"Indianapolis, Indiana",12/31/1970,0000059478,1876,https://en.wikipedia.org/w/index.php?title=List_of_S%26P_500_companies&action=raw
LIN,Linde plc,Materials,Industrial Gases,"Guildford, United Kingdom",7/1/1992,0001707925,1879,https://en.wikipedia.org/w/index.php?title=List_of_S%26P_500_companies&action=raw
LYV,Live Nation Entertainment,Communication Services,Movies & Entertainment,"Beverly Hills, California",12/23/2019,0001335258,2010,https://en.wikipedia.org/w/index.php?title=List_of_S%26P_500_companies&action=raw
LMT,Lockheed Martin,Industrials,Aerospace & Defense,"Bethesda, Maryland",3/4/1957,0000936468,1995,https://en.wikipedia.org/w/index.php?title=List_of_S%26P_500_companies&action=raw
L,Loews Corporation,Financials,Multi-line Insurance,"New York City, New York",5/31/1995,0000060086,1959,https://en.wikipedia.org/w/index.php?title=List_of_S%26P_500_companies&action=raw
LOW,Lowe's,Consumer Discretionary,Home Improvement Retail,"Mooresville, North Carolina",2/29/1984,0000060667,1904/1946/1959,https://en.wikipedia.org/w/index.php?title=List_of_S%26P_500_companies&action=raw
LULU,Lululemon Athletica,Consumer Discretionary,"Apparel, Accessories & Luxury Goods","Vancouver, Canada",10/18/2023,0001397187,1998,https://en.wikipedia.org/w/index.php?title=List_of_S%26P_500_companies&action=raw
LITE,Lumentum,Information Technology,Communications Equipment,"San Jose, California",3/23/2026,0001633978,2015,https://en.wikipedia.org/w/index.php?title=List_of_S%26P_500_companies&action=raw
LYB,LyondellBasell,Materials,Specialty Chemicals,"Rotterdam, Netherlands",9/5/2012,0001489393,2007,https://en.wikipedia.org/w/index.php?title=List_of_S%26P_500_companies&action=raw
MTB,M&T Bank,Financials,Regional Banks,"Buffalo, New York",2/23/2004,0000036270,1856,https://en.wikipedia.org/w/index.php?title=List_of_S%26P_500_companies&action=raw
MPC,Marathon Petroleum,Energy,Oil & Gas Refining & Marketing,"Findlay, Ohio",7/1/2011,0001510295,2009 (1887),https://en.wikipedia.org/w/index.php?title=List_of_S%26P_500_companies&action=raw
MAR,Marriott International,Consumer Discretionary,"Hotels, Resorts & Cruise Lines","Bethesda, Maryland",5/29/1998,0001048286,1927,https://en.wikipedia.org/w/index.php?title=List_of_S%26P_500_companies&action=raw
MRSH,Marsh McLennan,Financials,Insurance Brokers,"New York City, New York",8/31/1987,0000062709,1905,https://en.wikipedia.org/w/index.php?title=List_of_S%26P_500_companies&action=raw
MLM,Martin Marietta Materials,Materials,Construction Materials,"Raleigh, North Carolina",7/2/2014,0000916076,1993,https://en.wikipedia.org/w/index.php?title=List_of_S%26P_500_companies&action=raw
MAS,Masco,Industrials,Building Products,"Livonia, Michigan",6/30/1981,0000062996,1929,https://en.wikipedia.org/w/index.php?title=List_of_S%26P_500_companies&action=raw
MA,Mastercard,Financials,Transaction & Payment Processing Services,"Harrison, New York",7/18/2008,0001141391,1966,https://en.wikipedia.org/w/index.php?title=List_of_S%26P_500_companies&action=raw
MKC,McCormick & Company,Consumer Staples,Packaged Foods & Meats,"Hunt Valley, Maryland",3/20/2003,0000063754,1889,https://en.wikipedia.org/w/index.php?title=List_of_S%26P_500_companies&action=raw
MCD,McDonald's,Consumer Discretionary,Restaurants,"Chicago, Illinois",6/30/1970,0000063908,1940,https://en.wikipedia.org/w/index.php?title=List_of_S%26P_500_companies&action=raw
MCK,McKesson Corporation,Health Care,Health Care Distributors,"Irving, Texas",1/13/1999,0000927653,1833,https://en.wikipedia.org/w/index.php?title=List_of_S%26P_500_companies&action=raw
MDT,Medtronic,Health Care,Health Care Equipment,"Galway, Ireland",10/31/1986,0001613103,1949,https://en.wikipedia.org/w/index.php?title=List_of_S%26P_500_companies&action=raw
MRK,Merck & Co.,Health Care,Pharmaceuticals,"Kenilworth, New Jersey",3/4/1957,0000310158,1891,https://en.wikipedia.org/w/index.php?title=List_of_S%26P_500_companies&action=raw
META,Meta Platforms,Communication Services,Interactive Media & Services,"Menlo Park, California",12/23/2013,0001326801,2004,https://en.wikipedia.org/w/index.php?title=List_of_S%26P_500_companies&action=raw
MET,MetLife,Financials,Life & Health Insurance,"New York City, New York",12/11/2000,0001099219,1868,https://en.wikipedia.org/w/index.php?title=List_of_S%26P_500_companies&action=raw
MTD,Mettler Toledo,Health Care,Life Sciences Tools & Services,"Columbus, Ohio",9/6/2016,0001037646,1945,https://en.wikipedia.org/w/index.php?title=List_of_S%26P_500_companies&action=raw
MGM,MGM Resorts,Consumer Discretionary,Casinos & Gaming,"Paradise, Nevada",7/26/2017,0000789570,1986,https://en.wikipedia.org/w/index.php?title=List_of_S%26P_500_companies&action=raw
MCHP,Microchip Technology,Information Technology,Semiconductors,"Chandler, Arizona",9/7/2007,0000827054,1989,https://en.wikipedia.org/w/index.php?title=List_of_S%26P_500_companies&action=raw
MU,Micron Technology,Information Technology,Semiconductors,"Boise, Idaho",9/27/1994,0000723125,1978,https://en.wikipedia.org/w/index.php?title=List_of_S%26P_500_companies&action=raw
MSFT,Microsoft,Information Technology,Systems Software,"Redmond, Washington",6/1/1994,0000789019,1975,https://en.wikipedia.org/w/index.php?title=List_of_S%26P_500_companies&action=raw
MAA,Mid-America Apartment Communities,Real Estate,Multi-Family Residential REITs,"Memphis, Tennessee",12/2/2016,0000912595,1977,https://en.wikipedia.org/w/index.php?title=List_of_S%26P_500_companies&action=raw
MRNA,Moderna,Health Care,Biotechnology,"Cambridge, Massachusetts",7/21/2021,0001682852,2010,https://en.wikipedia.org/w/index.php?title=List_of_S%26P_500_companies&action=raw
TAP,Molson Coors Beverage Company,Consumer Staples,Brewers,"Chicago, Illinois",6/30/1976,0000024545,"2005 (Molson 1786, Coors 1873)",https://en.wikipedia.org/w/index.php?title=List_of_S%26P_500_companies&action=raw
MDLZ,Mondelez International,Consumer Staples,Packaged Foods & Meats,"Chicago, Illinois",10/2/2012,0001103982,2012,https://en.wikipedia.org/w/index.php?title=List_of_S%26P_500_companies&action=raw
MPWR,Monolithic Power Systems,Information Technology,Semiconductors,"Kirkland, Washington",2/12/2021,0001280452,1997,https://en.wikipedia.org/w/index.php?title=List_of_S%26P_500_companies&action=raw
MNST,Monster Beverage,Consumer Staples,Soft Drinks & Non-alcoholic Beverages,"Corona, California",6/28/2012,0000865752,2012 (1935),https://en.wikipedia.org/w/index.php?title=List_of_S%26P_500_companies&action=raw
MCO,Moody's Corporation,Financials,Financial Exchanges & Data,"New York City, New York",7/1/1998,0001059556,1909,https://en.wikipedia.org/w/index.php?title=List_of_S%26P_500_companies&action=raw
MS,Morgan Stanley,Financials,Investment Banking & Brokerage,"New York City, New York",7/29/1993,0000895421,1935,https://en.wikipedia.org/w/index.php?title=List_of_S%26P_500_companies&action=raw
MOS,Mosaic Company (The),Materials,Fertilizers & Agricultural Chemicals,"Tampa, Florida",9/26/2011,0001285785,2004 (1865 / 1909),https://en.wikipedia.org/w/index.php?title=List_of_S%26P_500_companies&action=raw
MSI,Motorola Solutions,Information Technology,Communications Equipment,"Chicago, Illinois",3/4/1957,0000068505,1928 (2011),https://en.wikipedia.org/w/index.php?title=List_of_S%26P_500_companies&action=raw
MSCI,MSCI Inc.,Financials,Financial Exchanges & Data,"New York City, New York",4/4/2018,0001408198,1969,https://en.wikipedia.org/w/index.php?title=List_of_S%26P_500_companies&action=raw
NDAQ,"Nasdaq, Inc.",Financials,Financial Exchanges & Data,"New York City, New York",10/22/2008,0001120193,1971,https://en.wikipedia.org/w/index.php?title=List_of_S%26P_500_companies&action=raw
NTAP,NetApp,Information Technology,"Technology Hardware, Storage & Peripherals","San Jose, California",6/25/1999,0001002047,1992,https://en.wikipedia.org/w/index.php?title=List_of_S%26P_500_companies&action=raw
NFLX,Netflix,Communication Services,Movies & Entertainment,"Los Gatos, California",12/20/2010,0001065280,1997,https://en.wikipedia.org/w/index.php?title=List_of_S%26P_500_companies&action=raw
NEM,Newmont,Materials,Gold,"Denver, Colorado",6/30/1969,0001164727,1921,https://en.wikipedia.org/w/index.php?title=List_of_S%26P_500_companies&action=raw
NWSA,News Corp (Class A),Communication Services,Publishing,"New York City, New York",8/1/2013,0001564708,2013 (News Corporation 1980),https://en.wikipedia.org/w/index.php?title=List_of_S%26P_500_companies&action=raw
NWS,News Corp (Class B),Communication Services,Publishing,"New York City, New York",9/18/2015,0001564708,2013 (News Corporation 1980),https://en.wikipedia.org/w/index.php?title=List_of_S%26P_500_companies&action=raw
NEE,NextEra Energy,Utilities,Multi-Utilities,"Juno Beach, Florida",6/30/1976,0000753308,1984 (1925),https://en.wikipedia.org/w/index.php?title=List_of_S%26P_500_companies&action=raw
NKE,"Nike, Inc.",Consumer Discretionary,"Apparel, Accessories & Luxury Goods","Washington County, Oregon",11/30/1988,0000320187,1964,https://en.wikipedia.org/w/index.php?title=List_of_S%26P_500_companies&action=raw
NI,NiSource,Utilities,Multi-Utilities,"Merrillville, Indiana",11/2/2000,0001111711,1912,https://en.wikipedia.org/w/index.php?title=List_of_S%26P_500_companies&action=raw
NDSN,Nordson Corporation,Industrials,Industrial Machinery & Supplies & Components,"Westlake, Ohio",2/15/2022,0000072331,1935,https://en.wikipedia.org/w/index.php?title=List_of_S%26P_500_companies&action=raw
NSC,Norfolk Southern,Industrials,Rail Transportation,"Atlanta, Georgia",3/4/1957,0000702165,1881/1894 (1980),https://en.wikipedia.org/w/index.php?title=List_of_S%26P_500_companies&action=raw
NTRS,Northern Trust,Financials,Asset Management & Custody Banks,"Chicago, Illinois",1/30/1998,0000073124,1889,https://en.wikipedia.org/w/index.php?title=List_of_S%26P_500_companies&action=raw
NOC,Northrop Grumman,Industrials,Aerospace & Defense,"West Falls Church, Virginia",3/4/1957,0001133421,"1994 (Northrop 1939, Grumman 1930)",https://en.wikipedia.org/w/index.php?title=List_of_S%26P_500_companies&action=raw
NCLH,Norwegian Cruise Line Holdings,Consumer Discretionary,"Hotels, Resorts & Cruise Lines","Miami-Dade County, Florida",10/13/2017,0001513761,2011 (1966),https://en.wikipedia.org/w/index.php?title=List_of_S%26P_500_companies&action=raw
NRG,NRG Energy,Utilities,Independent Power Producers & Energy Traders,"Houston, Texas",1/29/2010,0001013871,1992,https://en.wikipedia.org/w/index.php?title=List_of_S%26P_500_companies&action=raw
NUE,Nucor,Materials,Steel,"Charlotte, North Carolina",4/30/1985,0000073309,1940,https://en.wikipedia.org/w/index.php?title=List_of_S%26P_500_companies&action=raw
NVDA,Nvidia,Information Technology,Semiconductors,"Santa Clara, California",11/30/2001,0001045810,1993,https://en.wikipedia.org/w/index.php?title=List_of_S%26P_500_companies&action=raw
NVR,"NVR, Inc.",Consumer Discretionary,Homebuilding,"Reston, Virginia",9/26/2019,0000906163,1980,https://en.wikipedia.org/w/index.php?title=List_of_S%26P_500_companies&action=raw
NXPI,NXP Semiconductors,Information Technology,Semiconductors,"Eindhoven, Netherlands",3/22/2021,0001413447,1953,https://en.wikipedia.org/w/index.php?title=List_of_S%26P_500_companies&action=raw
ORLY,O’Reilly Automotive,Consumer Discretionary,Automotive Retail,"Springfield, Missouri",3/27/2009,0000898173,1957,https://en.wikipedia.org/w/index.php?title=List_of_S%26P_500_companies&action=raw
OXY,Occidental Petroleum,Energy,Oil & Gas Exploration & Production,"Houston, Texas",3/4/1957,0000797468,1920,https://en.wikipedia.org/w/index.php?title=List_of_S%26P_500_companies&action=raw
ODFL,Old Dominion,Industrials,Cargo Ground Transportation,"Thomasville, North Carolina",12/9/2019,0000878927,1934,https://en.wikipedia.org/w/index.php?title=List_of_S%26P_500_companies&action=raw
OMC,Omnicom Group,Communication Services,Advertising,"New York City, New York",12/31/1997,0000029989,1986,https://en.wikipedia.org/w/index.php?title=List_of_S%26P_500_companies&action=raw
ON,ON Semiconductor,Information Technology,Semiconductors,"Phoenix, Arizona",6/21/2022,0001097864,1999,https://en.wikipedia.org/w/index.php?title=List_of_S%26P_500_companies&action=raw
OKE,Oneok,Energy,Oil & Gas Storage & Transportation,"Tulsa, Oklahoma",3/15/2010,0001039684,1906,https://en.wikipedia.org/w/index.php?title=List_of_S%26P_500_companies&action=raw
ORCL,Oracle Corporation,Information Technology,Application Software,"Austin, Texas",8/31/1989,0001341439,1977,https://en.wikipedia.org/w/index.php?title=List_of_S%26P_500_companies&action=raw
OTIS,Otis Worldwide,Industrials,Industrial Machinery & Supplies & Components,"Farmington, Connecticut",4/3/2020,0001781335,"2020 (1853, United Technologies spinoff)",https://en.wikipedia.org/w/index.php?title=List_of_S%26P_500_companies&action=raw
PCAR,Paccar,Industrials,Construction Machinery & Heavy Transportation Equipment,"Bellevue, Washington",12/31/1980,0000075362,1905,https://en.wikipedia.org/w/index.php?title=List_of_S%26P_500_companies&action=raw
PKG,Packaging Corporation of America,Materials,Paper & Plastic Packaging Products & Materials,"Lake Forest, Illinois",7/26/2017,0000075677,1959,https://en.wikipedia.org/w/index.php?title=List_of_S%26P_500_companies&action=raw
PLTR,Palantir Technologies,Information Technology,Application Software,"Aventura, Florida",9/23/2024,0001321655,2003,https://en.wikipedia.org/w/index.php?title=List_of_S%26P_500_companies&action=raw
PANW,Palo Alto Networks,Information Technology,Systems Software,"Santa Clara, California",6/20/2023,0001327567,2005,https://en.wikipedia.org/w/index.php?title=List_of_S%26P_500_companies&action=raw
PSKY,Paramount Skydance Corporation,Communication Services,Movies & Entertainment,"Los Angeles, California",9/30/1994,0002041610,2025 (Paramount Pictures 1912),https://en.wikipedia.org/w/index.php?title=List_of_S%26P_500_companies&action=raw
PH,Parker Hannifin,Industrials,Industrial Machinery & Supplies & Components,"Cleveland, Ohio",11/30/1985,0000076334,1917,https://en.wikipedia.org/w/index.php?title=List_of_S%26P_500_companies&action=raw
PAYX,Paychex,Industrials,Human Resource & Employment Services,"Penfield, New York",10/1/1998,0000723531,1971,https://en.wikipedia.org/w/index.php?title=List_of_S%26P_500_companies&action=raw
PYPL,PayPal,Financials,Transaction & Payment Processing Services,"San Jose, California",7/20/2015,0001633917,1998,https://en.wikipedia.org/w/index.php?title=List_of_S%26P_500_companies&action=raw
PNR,Pentair,Industrials,Industrial Machinery & Supplies & Components,"Worsley, United Kingdom",10/1/2012,0000077360,1966,https://en.wikipedia.org/w/index.php?title=List_of_S%26P_500_companies&action=raw
PEP,PepsiCo,Consumer Staples,Soft Drinks & Non-alcoholic Beverages,"Purchase, New York",3/4/1957,0000077476,1898,https://en.wikipedia.org/w/index.php?title=List_of_S%26P_500_companies&action=raw
PFE,Pfizer,Health Care,Pharmaceuticals,"New York City, New York",3/4/1957,0000078003,1849,https://en.wikipedia.org/w/index.php?title=List_of_S%26P_500_companies&action=raw
PCG,PG&E Corporation,Utilities,Multi-Utilities,"Oakland, California",10/3/2022,0001004980,1905,https://en.wikipedia.org/w/index.php?title=List_of_S%26P_500_companies&action=raw
PM,Philip Morris International,Consumer Staples,Tobacco,"New York City, New York",3/31/2008,0001413329,2008 (1847),https://en.wikipedia.org/w/index.php?title=List_of_S%26P_500_companies&action=raw
PSX,Phillips 66,Energy,Oil & Gas Refining & Marketing,"Houston, Texas",5/1/2012,0001534701,2012 (1917),https://en.wikipedia.org/w/index.php?title=List_of_S%26P_500_companies&action=raw
PNW,Pinnacle West Capital,Utilities,Multi-Utilities,"Phoenix, Arizona",10/4/1999,0000764622,1985,https://en.wikipedia.org/w/index.php?title=List_of_S%26P_500_companies&action=raw
PNC,PNC Financial Services,Financials,Diversified Banks,"Pittsburgh, Pennsylvania",4/30/1988,0000713676,1845,https://en.wikipedia.org/w/index.php?title=List_of_S%26P_500_companies&action=raw
POOL,Pool Corporation,Consumer Discretionary,Distributors,"Covington, Louisiana",10/7/2020,0000945841,1993,https://en.wikipedia.org/w/index.php?title=List_of_S%26P_500_companies&action=raw
PPG,PPG Industries,Materials,Specialty Chemicals,"Pittsburgh, Pennsylvania",3/4/1957,0000079879,1883,https://en.wikipedia.org/w/index.php?title=List_of_S%26P_500_companies&action=raw
PPL,PPL Corporation,Utilities,Electric Utilities,"Allentown, Pennsylvania",10/1/2001,0000922224,1920,https://en.wikipedia.org/w/index.php?title=List_of_S%26P_500_companies&action=raw
PFG,Principal Financial Group,Financials,Life & Health Insurance,"Des Moines, Iowa",7/22/2002,0001126328,1879,https://en.wikipedia.org/w/index.php?title=List_of_S%26P_500_companies&action=raw
PG,Procter & Gamble,Consumer Staples,Personal Care Products,"Cincinnati, Ohio",3/4/1957,0000080424,1837,https://en.wikipedia.org/w/index.php?title=List_of_S%26P_500_companies&action=raw
PGR,Progressive Corporation,Financials,Property & Casualty Insurance,"Mayfield Village, Ohio",8/4/1997,0000080661,1937,https://en.wikipedia.org/w/index.php?title=List_of_S%26P_500_companies&action=raw
PLD,Prologis,Real Estate,Industrial REITs,"San Francisco, California",7/17/2003,0001045609,1983,https://en.wikipedia.org/w/index.php?title=List_of_S%26P_500_companies&action=raw
PRU,Prudential Financial,Financials,Life & Health Insurance,"Newark, New Jersey",7/22/2002,0001137774,1875,https://en.wikipedia.org/w/index.php?title=List_of_S%26P_500_companies&action=raw
PEG,Public Service Enterprise Group,Utilities,Electric Utilities,"Newark, New Jersey",3/4/1957,0000788784,1903,https://en.wikipedia.org/w/index.php?title=List_of_S%26P_500_companies&action=raw
PTC,PTC Inc.,Information Technology,Application Software,"Boston, Massachusetts",4/20/2021,0000857005,1985,https://en.wikipedia.org/w/index.php?title=List_of_S%26P_500_companies&action=raw
PSA,Public Storage,Real Estate,Self-Storage REITs,"Glendale, California",8/19/2005,0001393311,1972,https://en.wikipedia.org/w/index.php?title=List_of_S%26P_500_companies&action=raw
PHM,PulteGroup,Consumer Discretionary,Homebuilding,"Atlanta, Georgia",4/30/1984,0000822416,1956,https://en.wikipedia.org/w/index.php?title=List_of_S%26P_500_companies&action=raw
PWR,Quanta Services,Industrials,Construction & Engineering,"Houston, Texas",7/1/2009,0001050915,1997,https://en.wikipedia.org/w/index.php?title=List_of_S%26P_500_companies&action=raw
QCOM,Qualcomm,Information Technology,Semiconductors,"San Diego, California",7/22/1999,0000804328,1985,https://en.wikipedia.org/w/index.php?title=List_of_S%26P_500_companies&action=raw
DGX,Quest Diagnostics,Health Care,Health Care Services,"Secaucus, New Jersey",12/12/2002,0001022079,1967,https://en.wikipedia.org/w/index.php?title=List_of_S%26P_500_companies&action=raw
Q,Qnity Electronics,Information Technology,Semiconductor Materials & Equipment,"Wilmington, Delaware",11/3/2025,0002058873,2025,https://en.wikipedia.org/w/index.php?title=List_of_S%26P_500_companies&action=raw
RL,Ralph Lauren Corporation,Consumer Discretionary,"Apparel, Accessories & Luxury Goods","New York City, New York",2/2/2007,0001037038,1967,https://en.wikipedia.org/w/index.php?title=List_of_S%26P_500_companies&action=raw
RJF,Raymond James Financial,Financials,Investment Banking & Brokerage,"St. Petersburg, Florida",3/20/2017,0000720005,1962,https://en.wikipedia.org/w/index.php?title=List_of_S%26P_500_companies&action=raw
RTX,RTX Corporation,Industrials,Aerospace & Defense,"Waltham, Massachusetts",3/4/1957,0000101829,1922,https://en.wikipedia.org/w/index.php?title=List_of_S%26P_500_companies&action=raw
O,Realty Income,Real Estate,Retail REITs,"San Diego, California",4/7/2015,0000726728,1969,https://en.wikipedia.org/w/index.php?title=List_of_S%26P_500_companies&action=raw
REG,Regency Centers,Real Estate,Retail REITs,"Jacksonville, Florida",3/2/2017,0000910606,1963,https://en.wikipedia.org/w/index.php?title=List_of_S%26P_500_companies&action=raw
REGN,Regeneron Pharmaceuticals,Health Care,Biotechnology,"Tarrytown, New York",5/1/2013,0000872589,1988,https://en.wikipedia.org/w/index.php?title=List_of_S%26P_500_companies&action=raw
RF,Regions Financial Corporation,Financials,Regional Banks,"Birmingham, Alabama",8/28/1998,0001281761,1971,https://en.wikipedia.org/w/index.php?title=List_of_S%26P_500_companies&action=raw
RSG,Republic Services,Industrials,Environmental & Facilities Services,"Phoenix, Arizona",12/5/2008,0001060391,1998 (1981),https://en.wikipedia.org/w/index.php?title=List_of_S%26P_500_companies&action=raw
RMD,ResMed,Health Care,Health Care Equipment,"San Diego, California",7/26/2017,0000943819,1989,https://en.wikipedia.org/w/index.php?title=List_of_S%26P_500_companies&action=raw
RVTY,Revvity,Health Care,Health Care Equipment,"Waltham, Massachusetts",5/31/1985,0000031791,1937,https://en.wikipedia.org/w/index.php?title=List_of_S%26P_500_companies&action=raw
HOOD,Robinhood Markets,Financials,Investment Banking & Brokerage,"Menlo Park, California",9/22/2025,0001783879,2013,https://en.wikipedia.org/w/index.php?title=List_of_S%26P_500_companies&action=raw
ROK,Rockwell Automation,Industrials,Electrical Components & Equipment,"Milwaukee, Wisconsin",3/12/2000,0001024478,1903,https://en.wikipedia.org/w/index.php?title=List_of_S%26P_500_companies&action=raw
ROL,"Rollins, Inc.",Industrials,Environmental & Facilities Services,"Atlanta, Georgia",10/1/2018,0000084839,1948,https://en.wikipedia.org/w/index.php?title=List_of_S%26P_500_companies&action=raw
ROP,Roper Technologies,Information Technology,Electronic Equipment & Instruments,"Sarasota, Florida",12/23/2009,0000882835,1981,https://en.wikipedia.org/w/index.php?title=List_of_S%26P_500_companies&action=raw
ROST,Ross Stores,Consumer Discretionary,Apparel Retail,"Dublin, California",12/21/2009,0000745732,1982,https://en.wikipedia.org/w/index.php?title=List_of_S%26P_500_companies&action=raw
RCL,Royal Caribbean Group,Consumer Discretionary,"Hotels, Resorts & Cruise Lines","Miami, Florida",12/5/2014,0000884887,1997,https://en.wikipedia.org/w/index.php?title=List_of_S%26P_500_companies&action=raw
SPGI,S&P Global,Financials,Financial Exchanges & Data,"New York City, New York",3/4/1957,0000064040,1917,https://en.wikipedia.org/w/index.php?title=List_of_S%26P_500_companies&action=raw
CRM,Salesforce,Information Technology,Application Software,"San Francisco, California",9/15/2008,0001108524,1999,https://en.wikipedia.org/w/index.php?title=List_of_S%26P_500_companies&action=raw
SNDK,Sandisk,Information Technology,"Technology Hardware, Storage & Peripherals","Milpitas, California",11/28/2025,0002023554,1988,https://en.wikipedia.org/w/index.php?title=List_of_S%26P_500_companies&action=raw
SBAC,SBA Communications,Real Estate,Telecom Tower REITs,"Boca Raton, Florida",9/1/2017,0001034054,1989,https://en.wikipedia.org/w/index.php?title=List_of_S%26P_500_companies&action=raw
SLB,Schlumberger,Energy,Oil & Gas Equipment & Services,"Houston, Texas",3/4/1957,0000087347,1926,https://en.wikipedia.org/w/index.php?title=List_of_S%26P_500_companies&action=raw
STX,Seagate Technology,Information Technology,"Technology Hardware, Storage & Peripherals","Dublin, Ireland",7/2/2012,0001137789,1979,https://en.wikipedia.org/w/index.php?title=List_of_S%26P_500_companies&action=raw
SRE,Sempra,Utilities,Multi-Utilities,"San Diego, California",3/17/2017,0001032208,1998,https://en.wikipedia.org/w/index.php?title=List_of_S%26P_500_companies&action=raw
NOW,ServiceNow,Information Technology,Systems Software,"Santa Clara, California",11/21/2019,0001373715,2003,https://en.wikipedia.org/w/index.php?title=List_of_S%26P_500_companies&action=raw
SHW,Sherwin-Williams,Materials,Specialty Chemicals,"Cleveland, Ohio",6/30/1964,0000089800,1866,https://en.wikipedia.org/w/index.php?title=List_of_S%26P_500_companies&action=raw
SPG,Simon Property Group,Real Estate,Retail REITs,"Indianapolis, Indiana",6/26/2002,0001063761,2003,https://en.wikipedia.org/w/index.php?title=List_of_S%26P_500_companies&action=raw
SWKS,Skyworks Solutions,Information Technology,Semiconductors,"Irvine, California",3/12/2015,0000004127,2002,https://en.wikipedia.org/w/index.php?title=List_of_S%26P_500_companies&action=raw
SJM,J.M. Smucker Company (The),Consumer Staples,Packaged Foods & Meats,"Orrville, Ohio",11/6/2008,0000091419,1897,https://en.wikipedia.org/w/index.php?title=List_of_S%26P_500_companies&action=raw
SW,Smurfit Westrock,Materials,Paper & Plastic Packaging Products & Materials,"Dublin, Ireland",7/8/2024,0002005951,1934,https://en.wikipedia.org/w/index.php?title=List_of_S%26P_500_companies&action=raw
SNA,Snap-on,Industrials,Industrial Machinery & Supplies & Components,"Kenosha, Wisconsin",9/30/1982,0000091440,1920,https://en.wikipedia.org/w/index.php?title=List_of_S%26P_500_companies&action=raw
SOLV,Solventum,Health Care,Health Care Technology,"Saint Paul, Minnesota",4/1/2024,0001964738,2023,https://en.wikipedia.org/w/index.php?title=List_of_S%26P_500_companies&action=raw
SO,Southern Company,Utilities,Electric Utilities,"Atlanta, Georgia",3/4/1957,0000092122,1945,https://en.wikipedia.org/w/index.php?title=List_of_S%26P_500_companies&action=raw
LUV,Southwest Airlines,Industrials,Passenger Airlines,"Dallas, Texas",7/1/1994,0000092380,1967,https://en.wikipedia.org/w/index.php?title=List_of_S%26P_500_companies&action=raw
SWK,Stanley Black & Decker,Industrials,Industrial Machinery & Supplies & Components,"New Britain, Connecticut",9/30/1982,0000093556,1843,https://en.wikipedia.org/w/index.php?title=List_of_S%26P_500_companies&action=raw
SBUX,Starbucks,Consumer Discretionary,Restaurants,"Seattle, Washington",6/7/2000,0000829224,1971,https://en.wikipedia.org/w/index.php?title=List_of_S%26P_500_companies&action=raw
STT,State Street Corporation,Financials,Asset Management & Custody Banks,"Boston, Massachusetts",3/14/2003,0000093751,1792,https://en.wikipedia.org/w/index.php?title=List_of_S%26P_500_companies&action=raw
STLD,Steel Dynamics,Materials,Steel,"Fort Wayne, Indiana",12/22/2022,0001022671,1993,https://en.wikipedia.org/w/index.php?title=List_of_S%26P_500_companies&action=raw
STE,Steris,Health Care,Health Care Equipment,"Dublin, Ireland",12/23/2019,0001757898,1985,https://en.wikipedia.org/w/index.php?title=List_of_S%26P_500_companies&action=raw
SYK,Stryker Corporation,Health Care,Health Care Equipment,"Kalamazoo, Michigan",12/12/2000,0000310764,1941,https://en.wikipedia.org/w/index.php?title=List_of_S%26P_500_companies&action=raw
SMCI,Supermicro,Information Technology,"Technology Hardware, Storage & Peripherals","San Jose, California",3/18/2024,0001375365,1993,https://en.wikipedia.org/w/index.php?title=List_of_S%26P_500_companies&action=raw
SYF,Synchrony Financial,Financials,Consumer Finance,"Stamford, Connecticut",11/18/2015,0001601712,2003,https://en.wikipedia.org/w/index.php?title=List_of_S%26P_500_companies&action=raw
SNPS,Synopsys,Information Technology,Application Software,"Sunnyvale, California",3/16/2017,0000883241,1986,https://en.wikipedia.org/w/index.php?title=List_of_S%26P_500_companies&action=raw
SYY,Sysco,Consumer Staples,Food Distributors,"Houston, Texas",12/31/1986,0000096021,1969,https://en.wikipedia.org/w/index.php?title=List_of_S%26P_500_companies&action=raw
TMUS,T-Mobile US,Communication Services,Wireless Telecommunication Services,"Bellevue, Washington",7/15/2019,0001283699,1994,https://en.wikipedia.org/w/index.php?title=List_of_S%26P_500_companies&action=raw
TROW,T. Rowe Price,Financials,Asset Management & Custody Banks,"Baltimore, Maryland",7/29/2019,0001113169,1937,https://en.wikipedia.org/w/index.php?title=List_of_S%26P_500_companies&action=raw
TTWO,Take-Two Interactive,Communication Services,Interactive Home Entertainment,"New York City, New York",3/19/2018,0000946581,1993,https://en.wikipedia.org/w/index.php?title=List_of_S%26P_500_companies&action=raw
TPR,"Tapestry, Inc.",Consumer Discretionary,"Apparel, Accessories & Luxury Goods","New York City, New York",9/1/2004,0001116132,2017,https://en.wikipedia.org/w/index.php?title=List_of_S%26P_500_companies&action=raw
TRGP,Targa Resources,Energy,Oil & Gas Storage & Transportation,"Houston, Texas",10/12/2022,0001389170,2005,https://en.wikipedia.org/w/index.php?title=List_of_S%26P_500_companies&action=raw
TGT,Target Corporation,Consumer Staples,Consumer Staples Merchandise Retail,"Minneapolis, Minnesota",12/31/1976,0000027419,1902,https://en.wikipedia.org/w/index.php?title=List_of_S%26P_500_companies&action=raw
TEL,TE Connectivity,Information Technology,Electronic Manufacturing Services,"Galway, Ireland",10/17/2011,0001385157,2007,https://en.wikipedia.org/w/index.php?title=List_of_S%26P_500_companies&action=raw
TDY,Teledyne Technologies,Information Technology,Electronic Equipment & Instruments,"Thousand Oaks, California",6/22/2020,0001094285,1960,https://en.wikipedia.org/w/index.php?title=List_of_S%26P_500_companies&action=raw
TER,Teradyne,Information Technology,Semiconductor Materials & Equipment,"North Reading, Massachusetts",9/21/2020,0000097210,1960,https://en.wikipedia.org/w/index.php?title=List_of_S%26P_500_companies&action=raw
TSLA,"Tesla, Inc.",Consumer Discretionary,Automobile Manufacturers,"Austin, Texas",12/21/2020,0001318605,2003,https://en.wikipedia.org/w/index.php?title=List_of_S%26P_500_companies&action=raw
TXN,Texas Instruments,Information Technology,Semiconductors,"Dallas, Texas",3/12/2001,0000097476,1930,https://en.wikipedia.org/w/index.php?title=List_of_S%26P_500_companies&action=raw
TPL,Texas Pacific Land Corporation,Energy,Oil & Gas Exploration & Production,"Dallas, Texas",11/26/2024,0001811074,1888,https://en.wikipedia.org/w/index.php?title=List_of_S%26P_500_companies&action=raw
TXT,Textron,Industrials,Aerospace & Defense,"Providence, Rhode Island",12/31/1978,0000217346,1923,https://en.wikipedia.org/w/index.php?title=List_of_S%26P_500_companies&action=raw
TMO,Thermo Fisher Scientific,Health Care,Life Sciences Tools & Services,"Waltham, Massachusetts",8/3/2004,0000097745,2006 (1902),https://en.wikipedia.org/w/index.php?title=List_of_S%26P_500_companies&action=raw
TJX,TJX Companies,Consumer Discretionary,Apparel Retail,"Framingham, Massachusetts",9/30/1985,0000109198,1987,https://en.wikipedia.org/w/index.php?title=List_of_S%26P_500_companies&action=raw
TKO,TKO Group Holdings,Communication Services,Movies & Entertainment,"New York City, New York",3/24/2025,0001973266,2023,https://en.wikipedia.org/w/index.php?title=List_of_S%26P_500_companies&action=raw
TTD,Trade Desk (The),Communication Services,Advertising,"Ventura, California",7/18/2025,0001671933,2009,https://en.wikipedia.org/w/index.php?title=List_of_S%26P_500_companies&action=raw
TSCO,Tractor Supply,Consumer Discretionary,Other Specialty Retail,"Brentwood, Tennessee",1/24/2014,0000916365,1938,https://en.wikipedia.org/w/index.php?title=List_of_S%26P_500_companies&action=raw
TT,Trane Technologies,Industrials,Building Products,"Dublin, Ireland",11/17/2010,0001466258,1871,https://en.wikipedia.org/w/index.php?title=List_of_S%26P_500_companies&action=raw
TDG,TransDigm Group,Industrials,Aerospace & Defense,"Cleveland, Ohio",6/3/2016,0001260221,1993,https://en.wikipedia.org/w/index.php?title=List_of_S%26P_500_companies&action=raw
TRV,Travelers Companies (The),Financials,Property & Casualty Insurance,"New York City, New York",8/21/2002,0000086312,1853,https://en.wikipedia.org/w/index.php?title=List_of_S%26P_500_companies&action=raw
TRMB,Trimble Inc.,Information Technology,Application Software,"Westminster, Colorado",1/21/2021,0000864749,1978,https://en.wikipedia.org/w/index.php?title=List_of_S%26P_500_companies&action=raw
TFC,Truist Financial,Financials,Diversified Banks,"Charlotte, North Carolina",12/4/1997,0000092230,1872,https://en.wikipedia.org/w/index.php?title=List_of_S%26P_500_companies&action=raw
TYL,Tyler Technologies,Information Technology,Application Software,"Plano, Texas",6/22/2020,0000860731,1966,https://en.wikipedia.org/w/index.php?title=List_of_S%26P_500_companies&action=raw
TSN,Tyson Foods,Consumer Staples,Packaged Foods & Meats,"Springdale, Arkansas",8/10/2005,0000100493,1935,https://en.wikipedia.org/w/index.php?title=List_of_S%26P_500_companies&action=raw
USB,U.S. Bancorp,Financials,Diversified Banks,"Minneapolis, Minnesota",11/1/1999,0000036104,1968,https://en.wikipedia.org/w/index.php?title=List_of_S%26P_500_companies&action=raw
UBER,Uber,Industrials,Passenger Ground Transportation,"San Francisco, California",12/18/2023,0001543151,2009,https://en.wikipedia.org/w/index.php?title=List_of_S%26P_500_companies&action=raw
UDR,"UDR, Inc.",Real Estate,Multi-Family Residential REITs,"Highlands Ranch, Colorado",3/7/2016,0000074208,1972,https://en.wikipedia.org/w/index.php?title=List_of_S%26P_500_companies&action=raw
ULTA,Ulta Beauty,Consumer Discretionary,Other Specialty Retail,"Bolingbrook, Illinois",4/18/2016,0001403568,1990,https://en.wikipedia.org/w/index.php?title=List_of_S%26P_500_companies&action=raw
UNP,Union Pacific Corporation,Industrials,Rail Transportation,"Omaha, Nebraska",3/4/1957,0000100885,1862,https://en.wikipedia.org/w/index.php?title=List_of_S%26P_500_companies&action=raw
UAL,United Airlines Holdings,Industrials,Passenger Airlines,"Chicago, Illinois",9/3/2015,0000100517,1967,https://en.wikipedia.org/w/index.php?title=List_of_S%26P_500_companies&action=raw
UPS,United Parcel Service,Industrials,Air Freight & Logistics,"Sandy Springs, Georgia",7/22/2002,0001090727,1907,https://en.wikipedia.org/w/index.php?title=List_of_S%26P_500_companies&action=raw
URI,United Rentals,Industrials,Trading Companies & Distributors,"Stamford, Connecticut",9/20/2014,0001067701,1997,https://en.wikipedia.org/w/index.php?title=List_of_S%26P_500_companies&action=raw
UNH,UnitedHealth Group,Health Care,Managed Health Care,"Eden Prairie, Minnesota",7/1/1994,0000731766,1977,https://en.wikipedia.org/w/index.php?title=List_of_S%26P_500_companies&action=raw
UHS,Universal Health Services,Health Care,Health Care Facilities,"King of Prussia, Pennsylvania",9/20/2014,0000352915,1979,https://en.wikipedia.org/w/index.php?title=List_of_S%26P_500_companies&action=raw
VLO,Valero Energy,Energy,Oil & Gas Refining & Marketing,"San Antonio, Texas",12/20/2002,0001035002,1980,https://en.wikipedia.org/w/index.php?title=List_of_S%26P_500_companies&action=raw
VTR,Ventas,Real Estate,Health Care REITs,"Chicago, Illinois",3/4/2009,0000740260,1998,https://en.wikipedia.org/w/index.php?title=List_of_S%26P_500_companies&action=raw
VLTO,Veralto,Industrials,Environmental & Facilities Services,"Waltham, Massachusetts",10/2/2023,0001967680,2023,https://en.wikipedia.org/w/index.php?title=List_of_S%26P_500_companies&action=raw
VRSN,Verisign,Information Technology,Internet Services & Infrastructure,"Reston, Virginia",2/1/2006,0001014473,1995,https://en.wikipedia.org/w/index.php?title=List_of_S%26P_500_companies&action=raw
VRSK,Verisk Analytics,Industrials,Research & Consulting Services,"Jersey City, New Jersey",10/8/2015,0001442145,1971,https://en.wikipedia.org/w/index.php?title=List_of_S%26P_500_companies&action=raw
VZ,Verizon,Communication Services,Integrated Telecommunication Services,"New York City, New York",11/30/1983,0000732712,1983 (1877),https://en.wikipedia.org/w/index.php?title=List_of_S%26P_500_companies&action=raw
VRTX,Vertex Pharmaceuticals,Health Care,Biotechnology,"Boston, Massachusetts",9/23/2013,0000875320,1989,https://en.wikipedia.org/w/index.php?title=List_of_S%26P_500_companies&action=raw
VRT,Vertiv,Industrials,Electrical Components & Equipment,"Westerville, Ohio",3/23/2026,0001674101,2016,https://en.wikipedia.org/w/index.php?title=List_of_S%26P_500_companies&action=raw
VTRS,Viatris,Health Care,Pharmaceuticals,"Pittsburgh, Pennsylvania",4/23/2004,0001792044,1961,https://en.wikipedia.org/w/index.php?title=List_of_S%26P_500_companies&action=raw
VICI,Vici Properties,Real Estate,Hotel & Resort REITs,"New York City, New York",6/8/2022,0001705696,2017,https://en.wikipedia.org/w/index.php?title=List_of_S%26P_500_companies&action=raw
V,Visa Inc.,Financials,Transaction & Payment Processing Services,"San Francisco, California",12/21/2009,0001403161,1958,https://en.wikipedia.org/w/index.php?title=List_of_S%26P_500_companies&action=raw
VST,Vistra Corp.,Utilities,Electric Utilities,"Irving, Texas",5/8/2024,0001692819,2016,https://en.wikipedia.org/w/index.php?title=List_of_S%26P_500_companies&action=raw
VMC,Vulcan Materials Company,Materials,Construction Materials,"Birmingham, Alabama",6/30/1999,0001396009,1909,https://en.wikipedia.org/w/index.php?title=List_of_S%26P_500_companies&action=raw
WRB,W. R. Berkley Corporation,Financials,Property & Casualty Insurance,"Greenwich, Connecticut",12/5/2019,0000011544,1967,https://en.wikipedia.org/w/index.php?title=List_of_S%26P_500_companies&action=raw
GWW,W. W. Grainger,Industrials,Industrial Machinery & Supplies & Components,"Lake Forest, Illinois",6/30/1981,0000277135,1927,https://en.wikipedia.org/w/index.php?title=List_of_S%26P_500_companies&action=raw
WAB,Wabtec,Industrials,Construction Machinery & Heavy Transportation Equipment,"Pittsburgh, Pennsylvania",2/27/2019,0000943452,1999 (1869),https://en.wikipedia.org/w/index.php?title=List_of_S%26P_500_companies&action=raw
WMT,Walmart,Consumer Staples,Consumer Staples Merchandise Retail,"Bentonville, Arkansas",8/31/1982,0000104169,1962,https://en.wikipedia.org/w/index.php?title=List_of_S%26P_500_companies&action=raw
DIS,Walt Disney Company (The),Communication Services,Movies & Entertainment,"Burbank, California",6/30/1976,0001744489,1923,https://en.wikipedia.org/w/index.php?title=List_of_S%26P_500_companies&action=raw
WBD,Warner Bros. Discovery,Communication Services,Broadcasting,"New York City, New York",4/11/2022,0001437107,2022 (Warner Bros. 1923),https://en.wikipedia.org/w/index.php?title=List_of_S%26P_500_companies&action=raw
WM,Waste Management,Industrials,Environmental & Facilities Services,"Houston, Texas",8/31/1998,0000823768,1968,https://en.wikipedia.org/w/index.php?title=List_of_S%26P_500_companies&action=raw
WAT,Waters Corporation,Health Care,Life Sciences Tools & Services,"Milford, Massachusetts",1/2/2002,0001000697,1958,https://en.wikipedia.org/w/index.php?title=List_of_S%26P_500_companies&action=raw
WEC,WEC Energy Group,Utilities,Electric Utilities,"Milwaukee, Wisconsin",10/31/2008,0000783325,1896,https://en.wikipedia.org/w/index.php?title=List_of_S%26P_500_companies&action=raw
WFC,Wells Fargo,Financials,Diversified Banks,"San Francisco, California",6/30/1976,0000072971,1852,https://en.wikipedia.org/w/index.php?title=List_of_S%26P_500_companies&action=raw
WELL,Welltower,Real Estate,Health Care REITs,"Toledo, Ohio",1/30/2009,0000766704,1970,https://en.wikipedia.org/w/index.php?title=List_of_S%26P_500_companies&action=raw
WST,West Pharmaceutical Services,Health Care,Health Care Supplies,"Exton, Pennsylvania",5/22/2020,0000105770,1923,https://en.wikipedia.org/w/index.php?title=List_of_S%26P_500_companies&action=raw
WDC,Western Digital,Information Technology,"Technology Hardware, Storage & Peripherals","San Jose, California",7/1/2009,0000106040,1970,https://en.wikipedia.org/w/index.php?title=List_of_S%26P_500_companies&action=raw
WY,Weyerhaeuser,Real Estate,Timber REITs,"Seattle, Washington",10/1/1979,0000106535,1900,https://en.wikipedia.org/w/index.php?title=List_of_S%26P_500_companies&action=raw
WSM,"Williams-Sonoma, Inc.",Consumer Discretionary,Homefurnishing Retail,"San Francisco, California",3/24/2025,0000719955,1956,https://en.wikipedia.org/w/index.php?title=List_of_S%26P_500_companies&action=raw
WMB,Williams Companies,Energy,Oil & Gas Storage & Transportation,"Tulsa, Oklahoma",3/31/1975,0000107263,1908,https://en.wikipedia.org/w/index.php?title=List_of_S%26P_500_companies&action=raw
WTW,Willis Towers Watson,Financials,Insurance Brokers,"London, United Kingdom",1/5/2016,0001140536,2016,https://en.wikipedia.org/w/index.php?title=List_of_S%26P_500_companies&action=raw
WDAY,"Workday, Inc.",Information Technology,Application Software,"Pleasanton, California",12/23/2024,0001327811,2005,https://en.wikipedia.org/w/index.php?title=List_of_S%26P_500_companies&action=raw
WYNN,Wynn Resorts,Consumer Discretionary,Casinos & Gaming,"Paradise, Nevada",11/14/2008,0001174922,2002,https://en.wikipedia.org/w/index.php?title=List_of_S%26P_500_companies&action=raw
XEL,Xcel Energy,Utilities,Multi-Utilities,"Minneapolis, Minnesota",3/4/1957,0000072903,1909,https://en.wikipedia.org/w/index.php?title=List_of_S%26P_500_companies&action=raw
XYL,Xylem Inc.,Industrials,Industrial Machinery & Supplies & Components,"White Plains, New York",11/1/2011,0001524472,2011,https://en.wikipedia.org/w/index.php?title=List_of_S%26P_500_companies&action=raw
YUM,Yum! Brands,Consumer Discretionary,Restaurants,"Louisville, Kentucky",10/6/1997,0001041061,1997,https://en.wikipedia.org/w/index.php?title=List_of_S%26P_500_companies&action=raw
ZBRA,Zebra Technologies,Information Technology,Electronic Equipment & Instruments,"Lincolnshire, Illinois",12/23/2019,0000877212,1969,https://en.wikipedia.org/w/index.php?title=List_of_S%26P_500_companies&action=raw
ZBH,Zimmer Biomet,Health Care,Health Care Equipment,"Warsaw, Indiana",8/7/2001,0001136869,1927,https://en.wikipedia.org/w/index.php?title=List_of_S%26P_500_companies&action=raw
ZTS,Zoetis,Health Care,Pharmaceuticals,"Parsippany, New Jersey",6/21/2013,0001555280,1952,https://en.wikipedia.org/w/index.php?title=List_of_S%26P_500_companies&action=raw
